date,hour,actual_ticket_volume,avg_handle_time,prev_day_vol,rolling_vol_3h
2025-01-02,0,6,8.81,5,5.67
2025-01-02,1,2,6.21,3,5.33
2025-01-02,2,7,8.432857142857143,3,4.67
2025-01-02,3,7,19.44142857142857,5,5.00
2025-01-02,4,7,14.124285714285715,6,5.33
2025-01-02,5,6,11.031666666666666,10,7.00
2025-01-02,6,4,20.7725,2,6.67
2025-01-02,7,7,11.765714285714285,7,5.67
2025-01-02,8,15,12.121333333333332,17,5.67
2025-01-02,9,17,12.183529411764706,15,8.67
2025-01-02,10,13,9.489230769230769,20,13.00
2025-01-02,11,18,15.20611111111111,22,15.00
2025-01-02,12,3,8.463333333333333,10,16.00
2025-01-02,13,7,8.790000000000001,3,11.33
2025-01-02,14,7,11.257142857142858,2,9.33
2025-01-02,15,4,18.105,4,5.67
2025-01-02,16,5,13.728,4,6.00
2025-01-02,17,4,17.9375,4,5.33
2025-01-02,18,3,7.670000000000001,7,4.33
2025-01-02,19,11,13.486363636363636,7,4.00
2025-01-02,20,6,18.295,6,6.00
2025-01-02,21,5,21.119999999999997,7,6.67
2025-01-02,22,6,8.19,4,7.33
2025-01-02,23,4,19.2875,6,5.67
2025-01-03,0,2,6.225,6,5.00
2025-01-03,1,3,22.156666666666666,2,4.00
2025-01-03,2,5,9.219999999999999,7,3.00
2025-01-03,3,5,8.65,7,3.33
2025-01-03,4,7,11.16,7,4.33
2025-01-03,5,2,16.49,6,5.67
2025-01-03,6,4,19.865,4,4.67
2025-01-03,7,5,15.341999999999999,7,4.33
2025-01-03,8,12,14.191666666666668,15,3.67
2025-01-03,9,18,10.412777777777778,17,7.00
2025-01-03,10,22,12.115909090909092,13,11.67
2025-01-03,11,15,13.620000000000001,18,17.33
2025-01-03,12,4,16.5425,3,18.33
2025-01-03,13,1,7.95,7,13.67
2025-01-03,14,6,13.635,7,6.67
2025-01-03,15,6,9.086666666666668,4,3.67
2025-01-03,16,5,8.05,5,4.33
2025-01-03,17,3,18.863333333333333,4,5.67
2025-01-03,18,7,12.505714285714285,3,4.67
2025-01-03,19,9,12.374444444444444,11,5.00
2025-01-03,20,7,9.088571428571429,6,6.33
2025-01-03,21,4,13.1,5,7.67
2025-01-03,22,10,13.743,6,6.67
2025-01-03,23,8,17.64875,4,7.00
2025-01-04,1,1,5.89,2,7.33
2025-01-04,2,5,17.598,3,6.33
2025-01-04,3,5,13.825999999999999,5,4.67
2025-01-04,4,6,13.263333333333334,5,3.67
2025-01-04,5,3,15.603333333333333,7,5.33
2025-01-04,6,3,14.623333333333333,2,4.67
2025-01-04,7,2,13.325,4,4.00
2025-01-04,8,8,6.1175,5,2.67
2025-01-04,9,14,13.513571428571428,12,4.33
2025-01-04,10,9,8.471111111111112,18,8.00
2025-01-04,11,9,10.175555555555555,22,10.33
2025-01-04,12,4,5.84,15,10.67
2025-01-04,13,1,5.42,4,7.33
2025-01-04,14,3,15.226666666666667,1,4.67
2025-01-04,15,4,6.5775,6,2.67
2025-01-04,16,4,17.2975,6,2.67
2025-01-04,18,2,10.43,5,3.67
2025-01-04,19,4,12.585,3,3.33
2025-01-04,21,3,11.833333333333334,7,3.33
2025-01-04,22,2,6.34,9,3.00
2025-01-04,23,1,8.73,7,3.00
2025-01-05,0,3,26.646666666666665,4,2.00
2025-01-05,1,1,25.98,10,2.00
2025-01-05,2,4,17.335,8,1.67
2025-01-05,3,5,17.428,1,2.67
2025-01-05,4,5,11.476,5,3.33
2025-01-05,5,8,13.5125,5,4.67
2025-01-05,6,3,4.966666666666666,6,6.00
2025-01-05,7,3,16.653333333333332,3,5.33
2025-01-05,8,6,9.7,3,4.67
2025-01-05,9,4,14.86,2,4.00
2025-01-05,10,12,14.025833333333333,8,4.33
2025-01-05,11,13,12.579230769230769,14,7.33
2025-01-05,12,2,13.7,9,9.67
2025-01-05,13,2,4.425,9,9.00
2025-01-05,14,2,27.05,4,5.67
2025-01-05,15,3,9.076666666666666,1,2.00
2025-01-05,16,1,24.02,3,2.33
2025-01-05,17,3,5.373333333333334,4,2.00
2025-01-05,18,3,16.883333333333333,4,2.33
2025-01-05,19,2,11.245,2,2.33
2025-01-05,20,4,13.3275,4,2.67
2025-01-05,21,4,22.759999999999998,3,3.00
2025-01-05,22,3,10.5,2,3.33
2025-01-05,23,3,7.44,1,3.67
2025-01-06,0,7,12.897142857142857,3,3.33
2025-01-06,1,4,11.7075,1,4.33
2025-01-06,2,5,13.16,4,4.67
2025-01-06,3,9,14.261111111111111,5,5.33
2025-01-06,4,2,10.85,5,6.00
2025-01-06,5,3,13.433333333333332,8,5.33
2025-01-06,6,9,16.67888888888889,3,4.67
2025-01-06,7,5,10.952,3,4.67
2025-01-06,8,12,12.6925,6,5.67
2025-01-06,9,13,19.320769230769233,4,8.67
2025-01-06,10,22,13.160454545454543,12,10.00
2025-01-06,11,17,12.43235294117647,13,15.67
2025-01-06,12,7,16.834285714285716,2,17.33
2025-01-06,13,2,27.035,2,15.33
2025-01-06,14,10,13.433000000000002,2,8.67
2025-01-06,15,3,8.71,3,6.33
2025-01-06,16,5,5.906000000000001,1,5.00
2025-01-06,17,1,5.15,3,6.00
2025-01-06,18,7,12.799999999999999,3,3.00
2025-01-06,19,5,9.088,2,4.33
2025-01-06,20,5,10.488,4,4.33
2025-01-06,21,5,12.831999999999999,4,5.67
2025-01-06,22,6,12.501666666666667,3,5.00
2025-01-06,23,3,9.376666666666667,3,5.33
2025-01-07,0,11,11.04,7,4.67
2025-01-07,1,3,13.553333333333333,4,6.67
2025-01-07,2,2,8.2,5,5.67
2025-01-07,3,1,5.93,9,5.33
2025-01-07,4,3,14.536666666666667,2,2.00
2025-01-07,5,6,9.07,3,2.00
2025-01-07,6,4,6.6674999999999995,9,3.33
2025-01-07,7,2,15.35,5,4.33
2025-01-07,8,14,12.281428571428572,12,4.00
2025-01-07,9,16,13.794375,13,6.67
2025-01-07,10,17,12.93470588235294,22,10.67
2025-01-07,11,9,17.11111111111111,17,15.67
2025-01-07,12,5,8.442,7,14.00
2025-01-07,13,5,16.838,2,10.33
2025-01-07,14,2,15.235,10,6.33
2025-01-07,15,5,16.144,3,4.00
2025-01-07,16,4,11.6325,5,4.00
2025-01-07,17,4,13.1325,1,3.67
2025-01-07,18,7,12.578571428571427,7,4.33
2025-01-07,19,4,13.925,5,5.00
2025-01-07,20,4,20.2575,5,5.00
2025-01-07,21,6,16.706666666666667,5,5.00
2025-01-07,22,7,11.288571428571428,6,4.67
2025-01-07,23,4,10.16,3,5.67
2025-01-08,0,3,12.07,11,5.67
2025-01-08,1,4,6.675,3,4.67
2025-01-08,2,6,15.248333333333335,2,3.67
2025-01-08,3,6,11.288333333333332,1,4.33
2025-01-08,4,5,12.108,3,5.33
2025-01-08,5,4,13.74,6,5.67
2025-01-08,6,4,7.84,4,5.00
2025-01-08,7,6,13.961666666666666,2,4.33
2025-01-08,8,13,12.976153846153846,14,4.67
2025-01-08,9,16,9.0475,16,7.67
2025-01-08,10,13,13.57846153846154,17,11.67
2025-01-08,11,10,14.24,9,14.00
2025-01-08,12,4,16.475,5,13.00
2025-01-08,13,4,10.932500000000001,5,9.00
2025-01-08,14,6,10.168333333333333,2,6.00
2025-01-08,15,10,12.187999999999999,5,4.67
2025-01-08,16,2,9.64,4,6.67
2025-01-08,17,5,17.26,4,6.00
2025-01-08,18,5,15.760000000000002,7,5.67
2025-01-08,19,10,16.338,4,4.00
2025-01-08,20,3,10.246666666666666,4,6.67
2025-01-08,21,3,12.273333333333333,6,6.00
2025-01-08,22,10,12.626999999999999,7,5.33
2025-01-08,23,5,10.974,4,5.33
2025-01-09,0,2,25.22,3,6.00
2025-01-09,1,8,12.14,4,5.67
2025-01-09,2,4,12.8475,6,5.00
2025-01-09,3,6,17.611666666666668,6,4.67
2025-01-09,4,7,9.714285714285714,5,6.00
2025-01-09,5,4,10.2675,4,5.67
2025-01-09,6,8,11.84375,4,5.67
2025-01-09,7,6,14.865,6,6.33
2025-01-09,8,12,12.805833333333332,13,6.00
2025-01-09,9,17,12.461764705882352,16,8.67
2025-01-09,10,14,13.259285714285713,13,11.67
2025-01-09,11,17,10.064705882352941,10,14.33
2025-01-09,12,5,14.118,4,16.00
2025-01-09,13,9,18.325555555555557,4,12.00
2025-01-09,14,5,14.448000000000002,6,10.33
2025-01-09,15,3,20.31,10,6.33
2025-01-09,16,5,14.95,2,5.67
2025-01-09,17,3,18.53333333333333,5,4.33
2025-01-09,18,11,16.365454545454547,5,3.67
2025-01-09,19,9,11.384444444444446,10,6.33
2025-01-09,20,9,20.45777777777778,3,7.67
2025-01-09,21,7,19.957142857142856,3,9.67
2025-01-09,22,5,10.828,10,8.33
2025-01-09,23,4,15.190000000000001,5,7.00
2025-01-10,0,4,11.1125,2,5.33
2025-01-10,1,6,7.47,8,4.33
2025-01-10,2,6,20.386666666666667,4,4.67
2025-01-10,3,2,16.939999999999998,6,5.33
2025-01-10,4,4,9.834999999999999,7,4.67
2025-01-10,5,3,11.42,4,4.00
2025-01-10,6,10,6.8069999999999995,8,3.00
2025-01-10,7,3,10.036666666666667,6,5.67
2025-01-10,8,12,11.4375,12,5.33
2025-01-10,9,21,11.791904761904762,17,8.33
2025-01-10,10,14,14.605714285714287,14,12.00
2025-01-10,11,10,9.620000000000001,17,15.67
2025-01-10,12,3,17.143333333333334,5,15.00
2025-01-10,13,8,14.29125,9,9.00
2025-01-10,14,5,14.768,5,7.00
2025-01-10,15,8,11.6275,3,5.33
2025-01-10,16,10,12.114,5,7.00
2025-01-10,17,6,15.158333333333333,3,7.67
2025-01-10,18,5,19.06,11,8.00
2025-01-10,19,4,12.6325,9,7.00
2025-01-10,20,4,10.465,9,5.00
2025-01-10,21,3,16.459999999999997,7,4.33
2025-01-10,22,5,9.492,5,3.67
2025-01-10,23,7,9.335714285714285,4,4.00
2025-01-11,0,5,21.772,4,5.00
2025-01-11,1,1,22.55,6,5.67
2025-01-11,2,3,7.236666666666667,6,4.33
2025-01-11,3,2,9.99,2,3.00
2025-01-11,4,2,22.465,4,2.00
2025-01-11,5,5,17.663999999999998,3,2.33
2025-01-11,6,2,14.62,10,3.00
2025-01-11,7,1,28.7,3,3.00
2025-01-11,8,2,15.765,12,2.67
2025-01-11,9,10,9.516,21,1.67
2025-01-11,10,9,12.716666666666667,14,4.33
2025-01-11,11,10,9.766,10,7.00
2025-01-11,12,3,5.816666666666666,3,9.67
2025-01-11,13,2,13.985,8,7.33
2025-01-11,14,1,3.63,5,5.00
2025-01-11,16,2,4.37,8,2.00
2025-01-11,17,1,6.42,10,1.67
2025-01-11,18,2,8.03,6,1.33
2025-01-11,19,4,14.115,5,1.67
2025-01-11,20,1,9.36,4,2.33
2025-01-11,21,3,21.896666666666665,4,2.33
2025-01-11,22,3,13.4,3,2.67
2025-01-11,23,2,15.64,5,2.33
2025-01-12,0,1,4.57,7,2.67
2025-01-12,1,4,7.7675,5,2.00
2025-01-12,2,2,6.84,1,2.33
2025-01-12,3,3,14.803333333333333,3,2.33
2025-01-12,4,5,18.351999999999997,2,3.00
2025-01-12,5,2,11.370000000000001,2,3.33
2025-01-12,7,2,9.34,5,3.33
2025-01-12,8,6,16.841666666666665,2,3.00
2025-01-12,9,11,12.473636363636365,1,3.33
2025-01-12,10,10,14.575999999999999,2,6.33
2025-01-12,11,7,11.758571428571429,10,9.00
2025-01-12,12,2,16.26,9,9.33
2025-01-12,13,3,16.87,10,6.33
2025-01-12,14,7,8.098571428571429,3,4.00
2025-01-12,15,4,11.44,2,4.00
2025-01-12,16,3,12.646666666666667,1,4.67
2025-01-12,17,3,6.873333333333332,2,4.67
2025-01-12,18,1,9.37,1,3.33
2025-01-12,19,4,15.195,2,2.33
2025-01-12,20,2,16.23,4,2.67
2025-01-12,21,2,24.14,1,2.33
2025-01-12,22,3,15.876666666666667,3,2.67
2025-01-12,23,2,13.16,3,2.33
2025-01-13,0,4,8.7575,2,2.33
2025-01-13,1,3,18.1,1,3.00
2025-01-13,2,6,12.726666666666667,4,3.00
2025-01-13,3,8,11.6875,2,4.33
2025-01-13,4,5,7.151999999999999,3,5.67
2025-01-13,5,6,11.641666666666666,5,6.33
2025-01-13,6,5,16.363999999999997,2,6.33
2025-01-13,7,6,11.495,2,5.33
2025-01-13,8,21,9.891428571428571,6,5.67
2025-01-13,9,22,16.393636363636364,11,10.67
2025-01-13,10,17,13.158823529411764,10,16.33
2025-01-13,11,7,15.422857142857143,7,20.00
2025-01-13,12,6,13.641666666666666,2,15.33
2025-01-13,13,5,17.73,3,10.00
2025-01-13,14,5,14.572,7,6.00
2025-01-13,15,2,15.905,4,5.33
2025-01-13,16,4,15.600000000000001,3,4.00
2025-01-13,17,4,9.85,3,3.67
2025-01-13,18,5,9.556000000000001,1,3.33
2025-01-13,19,5,10.73,4,4.33
2025-01-13,20,3,19.456666666666667,2,4.67
2025-01-13,21,4,7.922499999999999,2,4.33
2025-01-13,22,4,12.5075,3,4.00
2025-01-13,23,5,13.064000000000002,2,3.67
2025-01-14,0,10,10.531,4,4.33
2025-01-14,1,6,11.108333333333334,3,6.33
2025-01-14,2,4,12.82,6,7.00
2025-01-14,3,1,6.68,8,6.67
2025-01-14,4,1,23.21,5,3.67
2025-01-14,5,5,10.936,6,2.00
2025-01-14,6,7,11.528571428571428,5,2.33
2025-01-14,7,5,18.198,6,4.33
2025-01-14,8,10,12.323,21,5.67
2025-01-14,9,22,13.67,22,7.33
2025-01-14,10,18,13.526666666666666,17,12.33
2025-01-14,11,12,12.944166666666668,7,16.67
2025-01-14,12,4,20.002499999999998,6,17.33
2025-01-14,13,5,15.518,5,11.33
2025-01-14,14,3,20.94333333333333,5,7.00
2025-01-14,15,7,11.379999999999999,2,4.00
2025-01-14,16,9,9.714444444444446,4,5.00
2025-01-14,17,7,12.787142857142857,4,6.33
2025-01-14,18,2,15.3,5,7.67
2025-01-14,19,8,17.55625,5,6.00
2025-01-14,20,6,10.596666666666666,3,5.67
2025-01-14,21,2,14.42,4,5.33
2025-01-14,22,4,11.8625,4,5.33
2025-01-14,23,6,18.183333333333334,5,4.00
2025-01-15,0,4,21.445,10,4.00
2025-01-15,1,4,10.44,6,4.67
2025-01-15,2,5,14.028,4,4.67
2025-01-15,3,8,16.01125,1,4.33
2025-01-15,4,3,13.270000000000001,1,5.67
2025-01-15,5,8,17.02375,5,5.33
2025-01-15,6,6,14.92,7,6.33
2025-01-15,7,2,6.619999999999999,5,5.67
2025-01-15,8,17,13.491176470588234,10,5.33
2025-01-15,9,14,12.205,22,8.33
2025-01-15,10,14,10.995714285714286,18,11.00
2025-01-15,11,25,11.804,12,15.00
2025-01-15,12,5,8.632,4,17.67
2025-01-15,13,6,14.671666666666667,5,14.67
2025-01-15,14,8,15.68875,3,12.00
2025-01-15,15,8,10.475,7,6.33
2025-01-15,16,1,5.02,9,7.33
2025-01-15,17,5,14.678,7,5.67
2025-01-15,18,3,12.483333333333334,2,4.67
2025-01-15,19,4,19.8,8,3.00
2025-01-15,20,5,14.85,6,4.00
2025-01-15,21,4,18.3,2,4.00
2025-01-15,22,10,11.058,4,4.33
2025-01-15,23,4,16.05,6,6.33
2025-01-16,0,4,10.3775,4,6.00
2025-01-16,1,5,7.822,4,6.00
2025-01-16,2,2,5.57,5,4.33
2025-01-16,3,7,12.288571428571428,8,3.67
2025-01-16,4,7,13.228571428571428,3,4.67
2025-01-16,5,12,19.624166666666667,8,5.33
2025-01-16,6,8,10.25875,6,8.67
2025-01-16,7,7,14.267142857142858,2,9.00
2025-01-16,8,20,13.552000000000001,17,9.00
2025-01-16,9,12,11.7475,14,11.67
2025-01-16,10,14,12.254285714285714,14,13.00
2025-01-16,11,24,12.07625,25,15.33
2025-01-16,12,3,16.016666666666666,5,16.67
2025-01-16,13,2,14.25,6,13.67
2025-01-16,14,7,15.598571428571429,8,9.67
2025-01-16,15,8,12.92375,8,4.00
2025-01-16,16,5,16.292,1,5.67
2025-01-16,17,7,15.171428571428573,5,6.67
2025-01-16,18,7,17.282857142857143,3,6.67
2025-01-16,19,2,16.005,4,6.33
2025-01-16,20,6,15.093333333333334,5,5.33
2025-01-16,21,1,27.84,4,5.00
2025-01-16,22,7,7.475714285714287,10,3.00
2025-01-16,23,3,15.376666666666667,4,4.67
2025-01-17,0,4,8.717500000000001,4,3.67
2025-01-17,1,7,10.312857142857142,5,4.67
2025-01-17,2,4,11.399999999999999,2,4.67
2025-01-17,3,5,15.866,7,5.00
2025-01-17,4,8,11.80125,7,5.33
2025-01-17,5,6,13.218333333333334,12,5.67
2025-01-17,6,9,13.335555555555555,8,6.33
2025-01-17,7,3,8.306666666666667,7,7.67
2025-01-17,8,12,16.1675,20,6.00
2025-01-17,9,17,15.222352941176469,12,8.00
2025-01-17,10,13,14.545384615384616,14,10.67
2025-01-17,11,13,10.466153846153846,24,14.00
2025-01-17,12,3,19.203333333333333,3,14.33
2025-01-17,13,5,13.534,2,9.67
2025-01-17,14,5,17.919999999999998,7,7.00
2025-01-17,15,6,9.761666666666667,8,4.33
2025-01-17,16,7,10.187142857142858,5,5.33
2025-01-17,17,7,12.808571428571428,7,6.00
2025-01-17,18,5,15.290000000000001,7,6.67
2025-01-17,19,2,14.145,2,6.33
2025-01-17,20,5,17.438,6,4.67
2025-01-17,21,6,13.881666666666666,1,4.00
2025-01-17,22,2,18.825,7,4.33
2025-01-17,23,4,8.1,3,4.33
2025-01-18,0,3,9.013333333333334,4,4.00
2025-01-18,1,5,6.682,7,3.00
2025-01-18,3,7,11.074285714285713,4,4.00
2025-01-18,4,2,3.285,5,5.00
2025-01-18,5,1,10.54,8,4.67
2025-01-18,6,5,9.564,6,3.33
2025-01-18,7,3,6.05,9,2.67
2025-01-18,8,12,11.035000000000002,3,3.00
2025-01-18,9,13,14.528461538461539,12,6.67
2025-01-18,10,10,16.941,17,9.33
2025-01-18,11,9,9.827777777777778,13,11.67
2025-01-18,12,2,16.655,13,10.67
2025-01-18,13,2,17.715,3,7.00
2025-01-18,14,4,9.035,5,4.33
2025-01-18,15,5,8.484,5,2.67
2025-01-18,16,4,11.7325,6,3.67
2025-01-18,17,5,9.888,7,4.33
2025-01-18,18,4,13.3025,7,4.67
2025-01-18,19,3,27.366666666666664,5,4.33
2025-01-18,20,3,15.863333333333335,2,4.00
2025-01-18,21,2,27.055,5,3.33
2025-01-18,22,7,13.955714285714285,6,2.67
2025-01-18,23,2,15.96,2,4.00
2025-01-19,0,4,17.59,4,3.67
2025-01-19,1,5,14.268,3,4.33
2025-01-19,2,2,7.82,5,3.67
2025-01-19,3,4,11.15,7,3.67
2025-01-19,5,3,6.256666666666667,2,3.67
2025-01-19,6,3,7.983333333333333,1,3.00
2025-01-19,7,4,17.6225,5,3.33
2025-01-19,8,11,10.480909090909092,3,3.33
2025-01-19,9,9,10.896666666666667,12,6.00
2025-01-19,10,10,13.372,13,8.00
2025-01-19,11,12,11.320833333333333,10,10.00
2025-01-19,12,3,19.12,9,10.33
2025-01-19,13,2,16.845,2,8.33
2025-01-19,14,3,7.573333333333333,2,5.67
2025-01-19,15,5,13.815999999999999,4,2.67
2025-01-19,16,5,12.36,5,3.33
2025-01-19,17,2,7.095,4,4.33
2025-01-19,18,6,8.523333333333333,5,4.00
2025-01-19,19,4,12.0075,4,4.33
2025-01-19,20,2,10.22,3,4.00
2025-01-19,21,2,6.41,3,4.00
2025-01-19,22,3,13.18,2,2.67
2025-01-19,23,3,11.743333333333332,7,2.33
2025-01-20,0,4,19.18,2,2.67
2025-01-20,1,3,9.586666666666668,4,3.33
2025-01-20,2,5,11.556000000000001,5,3.33
2025-01-20,3,5,14.85,2,4.00
2025-01-20,4,2,14.605,4,4.33
2025-01-20,5,5,12.006,3,4.00
2025-01-20,6,7,7.372857142857143,3,4.00
2025-01-20,7,6,15.24,4,4.67
2025-01-20,8,11,13.359090909090908,11,6.00
2025-01-20,9,17,12.720588235294118,9,8.00
2025-01-20,10,17,13.01705882352941,10,11.33
2025-01-20,11,16,9.199375,12,15.00
2025-01-20,12,3,7.12,3,16.67
2025-01-20,13,5,13.894,2,12.00
2025-01-20,14,1,9.14,3,8.00
2025-01-20,15,4,13.89,5,3.00
2025-01-20,16,8,11.90625,5,3.33
2025-01-20,17,11,13.066363636363635,2,4.33
2025-01-20,18,6,15.453333333333333,6,7.67
2025-01-20,19,2,17.855,4,8.33
2025-01-20,20,3,21.903333333333336,2,6.33
2025-01-20,21,6,12.299999999999999,2,3.67
2025-01-20,22,5,11.216,3,3.67
2025-01-20,23,12,14.6075,3,4.67
2025-01-21,0,7,12.790000000000001,4,7.67
2025-01-21,1,6,9.971666666666666,3,8.00
2025-01-21,2,4,12.6325,5,8.33
2025-01-21,3,3,12.576666666666666,5,5.67
2025-01-21,4,8,11.89625,2,4.33
2025-01-21,5,5,15.284,5,5.00
2025-01-21,6,5,10.658,7,5.33
2025-01-21,7,6,17.868333333333336,6,6.00
2025-01-21,8,14,19.464285714285715,11,5.33
2025-01-21,9,13,8.52,17,8.33
2025-01-21,10,11,10.791818181818181,17,11.00
2025-01-21,11,17,16.09058823529412,16,12.67
2025-01-21,12,6,10.398333333333333,3,13.67
2025-01-21,13,1,7.87,5,11.33
2025-01-21,14,6,13.28,1,8.00
2025-01-21,15,7,13.042857142857143,4,4.33
2025-01-21,16,3,7.82,8,4.67
2025-01-21,17,4,6.484999999999999,11,5.33
2025-01-21,18,5,14.175999999999998,6,4.67
2025-01-21,19,5,15.732,2,4.00
2025-01-21,20,3,7.713333333333334,3,4.67
2025-01-21,21,6,8.643333333333333,6,4.33
2025-01-21,22,6,10.383333333333333,5,4.67
2025-01-21,23,7,12.572857142857144,12,5.00
2025-01-22,0,4,19.33,7,6.33
2025-01-22,1,4,12.99,6,5.67
2025-01-22,2,7,11.072857142857142,4,5.00
2025-01-22,3,4,6.9750000000000005,3,5.00
2025-01-22,4,1,24.45,8,5.00
2025-01-22,5,6,12.996666666666668,5,4.00
2025-01-22,6,3,13.146666666666667,5,3.67
2025-01-22,7,5,12.862,6,3.33
2025-01-22,8,18,10.380555555555555,14,4.67
2025-01-22,9,12,10.968333333333334,13,8.67
2025-01-22,10,13,14.010000000000002,11,11.67
2025-01-22,11,20,11.466,17,14.33
2025-01-22,12,6,14.366666666666667,6,15.00
2025-01-22,13,5,13.61,1,13.00
2025-01-22,14,5,6.874,6,10.33
2025-01-22,15,7,13.79857142857143,7,5.33
2025-01-22,16,4,20.2075,3,5.67
2025-01-22,17,7,16.15,4,5.33
2025-01-22,18,3,9.56,5,6.00
2025-01-22,19,9,13.985555555555557,5,4.67
2025-01-22,20,4,18.77,3,6.33
2025-01-22,21,6,8.588333333333333,6,5.33
2025-01-22,22,10,15.129000000000001,6,6.33
2025-01-22,23,1,31.24,7,6.67
2025-01-23,0,7,10.822857142857144,4,5.67
2025-01-23,1,3,19.476666666666667,4,6.00
2025-01-23,2,5,7.9319999999999995,7,3.67
2025-01-23,3,5,15.706,4,5.00
2025-01-23,4,2,15.69,1,4.33
2025-01-23,5,10,11.626000000000001,6,4.00
2025-01-23,6,4,10.3625,3,5.67
2025-01-23,7,10,14.923000000000002,5,5.33
2025-01-23,8,11,12.397272727272728,18,8.00
2025-01-23,9,17,14.248823529411764,12,8.33
2025-01-23,10,20,13.3075,13,12.67
2025-01-23,11,14,9.825714285714286,20,16.00
2025-01-23,12,5,9.652,6,17.00
2025-01-23,13,4,3.7675,5,13.00
2025-01-23,14,5,14.612,5,7.67
2025-01-23,15,5,11.66,7,4.67
2025-01-23,16,6,15.618333333333332,4,4.67
2025-01-23,17,3,6.8500000000000005,7,5.33
2025-01-23,18,2,10.629999999999999,3,4.67
2025-01-23,19,2,17.299999999999997,9,3.67
2025-01-23,20,5,12.806000000000001,4,2.33
2025-01-23,21,6,10.368333333333334,6,3.00
2025-01-23,22,3,13.39,10,4.33
2025-01-23,23,4,8.585,1,4.67
2025-01-24,0,5,9.988,7,4.33
2025-01-24,1,7,18.024285714285714,3,4.00
2025-01-24,2,7,7.918571428571428,5,5.33
2025-01-24,3,6,9.838333333333333,5,6.33
2025-01-24,4,8,13.86,2,6.67
2025-01-24,5,3,18.643333333333334,10,7.00
2025-01-24,6,4,22.3475,4,5.67
2025-01-24,7,5,14.370000000000001,10,5.00
2025-01-24,8,13,16.226923076923075,11,4.00
2025-01-24,9,23,13.554782608695652,17,7.33
2025-01-24,10,14,12.255714285714287,20,13.67
2025-01-24,11,11,18.720000000000002,14,16.67
2025-01-24,12,10,15.117,5,16.00
2025-01-24,13,7,13.612857142857141,4,11.67
2025-01-24,14,5,11.588,5,9.33
2025-01-24,15,14,13.694285714285714,5,7.33
2025-01-24,16,7,13.654285714285715,6,8.67
2025-01-24,17,6,10.416666666666666,3,8.67
2025-01-24,18,5,14.919999999999998,2,9.00
2025-01-24,19,6,9.43,2,6.00
2025-01-24,20,6,15.015,5,5.67
2025-01-24,21,5,11.957999999999998,6,5.67
2025-01-24,22,4,15.66,3,5.67
2025-01-24,23,6,11.085,4,5.00
2025-01-25,0,6,14.886666666666668,5,5.00
2025-01-25,1,6,16.591666666666665,7,5.33
2025-01-25,2,7,10.129999999999999,7,6.00
2025-01-25,3,1,6.65,6,6.33
2025-01-25,4,1,29.6,8,4.67
2025-01-25,5,1,10.43,3,3.00
2025-01-25,6,3,21.58,4,1.00
2025-01-25,7,6,17.150000000000002,5,1.67
2025-01-25,8,10,15.969,13,3.33
2025-01-25,9,2,8.690000000000001,23,6.33
2025-01-25,10,10,13.403,14,6.00
2025-01-25,11,11,15.296363636363635,11,7.33
2025-01-25,12,4,11.7375,10,7.67
2025-01-25,13,1,7.13,7,8.33
2025-01-25,14,5,7.608,5,5.33
2025-01-25,15,4,10.9,14,3.33
2025-01-25,16,2,18.045,7,3.33
2025-01-25,17,2,8.705,6,3.67
2025-01-25,18,4,15.192499999999999,5,2.67
2025-01-25,19,1,14.11,6,2.67
2025-01-25,20,3,13.383333333333333,6,2.33
2025-01-25,21,2,16.405,5,2.67
2025-01-25,22,6,8.993333333333334,4,2.00
2025-01-25,23,1,6.72,6,3.67
2025-01-26,0,4,24.5675,6,3.00
2025-01-26,2,3,10.24,6,3.67
2025-01-26,3,4,12.727500000000001,7,2.67
2025-01-26,4,1,7.63,1,3.67
2025-01-26,5,4,15.5175,1,2.67
2025-01-26,6,1,5.52,1,3.00
2025-01-26,7,4,8.690000000000001,3,2.00
2025-01-26,8,5,11.308,6,3.00
2025-01-26,9,12,18.025833333333335,10,3.33
2025-01-26,10,8,16.855,2,7.00
2025-01-26,11,13,13.475384615384616,10,8.33
2025-01-26,12,4,17.825,11,11.00
2025-01-26,13,4,12.2425,4,8.33
2025-01-26,14,2,8.82,1,7.00
2025-01-26,15,1,26.38,5,3.33
2025-01-26,16,4,8.129999999999999,4,2.33
2025-01-26,17,4,9.344999999999999,2,2.33
2025-01-26,18,2,8.765,2,3.00
2025-01-26,20,3,14.17,4,3.33
2025-01-26,21,3,7.513333333333333,1,3.00
2025-01-26,22,4,16.48,3,2.67
2025-01-26,23,1,29.45,2,3.33
2025-01-27,0,6,10.308333333333334,6,2.67
2025-01-27,1,10,15.437000000000001,1,3.67
2025-01-27,2,4,17.6825,4,5.67
2025-01-27,3,2,9.675,3,6.67
2025-01-27,4,2,17.31,4,5.33
2025-01-27,5,6,20.94666666666667,1,2.67
2025-01-27,6,5,15.25,4,3.33
2025-01-27,7,5,8.672,1,4.33
2025-01-27,8,22,13.069545454545453,4,5.33
2025-01-27,9,23,15.612608695652172,5,10.67
2025-01-27,10,7,16.315714285714286,12,16.67
2025-01-27,11,14,16.142142857142858,8,17.33
2025-01-27,12,5,14.331999999999999,13,14.67
2025-01-27,13,2,16.24,4,8.67
2025-01-27,14,3,6.733333333333333,4,7.00
2025-01-27,15,9,9.532222222222224,2,3.33
2025-01-27,16,9,21.176666666666666,1,4.67
2025-01-27,17,2,7.23,4,7.00
2025-01-27,18,6,8.736666666666666,4,6.67
2025-01-27,19,6,13.79,2,5.67
2025-01-27,20,4,19.9175,3,4.67
2025-01-27,21,4,11.2725,3,5.33
2025-01-27,22,3,15.270000000000001,4,4.67
2025-01-27,23,7,11.037142857142857,1,3.67
2025-01-28,0,4,8.334999999999999,6,4.67
2025-01-28,1,2,4.55,10,4.67
2025-01-28,2,4,11.8,4,4.33
2025-01-28,3,4,6.1525,2,3.33
2025-01-28,4,13,12.853846153846153,2,3.33
2025-01-28,5,2,5.859999999999999,6,7.00
2025-01-28,6,7,11.067142857142857,5,6.33
2025-01-28,7,9,17.108888888888888,5,7.33
2025-01-28,8,16,15.26125,22,6.00
2025-01-28,9,17,11.762352941176472,23,10.67
2025-01-28,10,11,12.010909090909092,7,14.00
2025-01-28,11,4,20.9525,14,14.67
2025-01-28,12,5,14.728,5,10.67
2025-01-28,13,3,7.853333333333334,2,6.67
2025-01-28,14,8,17.39125,3,4.00
2025-01-28,15,3,21.606666666666666,9,5.33
2025-01-28,16,9,16.693333333333335,9,4.67
2025-01-28,17,8,11.04875,2,6.67
2025-01-28,18,2,18.955000000000002,6,6.67
2025-01-28,19,11,14.907272727272726,6,6.33
2025-01-28,20,6,13.04,4,7.00
2025-01-28,21,6,13.29,4,6.33
2025-01-28,22,6,8.511666666666665,3,7.67
2025-01-28,23,2,18.62,7,6.00
2025-01-29,0,3,12.613333333333335,4,4.67
2025-01-29,1,2,15.530000000000001,2,3.67
2025-01-29,2,3,5.989999999999999,4,2.33
2025-01-29,3,4,12.545,4,2.67
2025-01-29,4,3,13.416666666666666,13,3.00
2025-01-29,5,6,13.315,2,3.33
2025-01-29,6,6,10.446666666666667,7,4.33
2025-01-29,7,9,11.246666666666666,9,5.00
2025-01-29,8,17,13.18470588235294,16,7.00
2025-01-29,9,19,11.802631578947368,17,10.67
2025-01-29,10,11,13.442727272727273,11,15.00
2025-01-29,11,10,11.447,4,15.67
2025-01-29,12,8,11.61625,5,13.33
2025-01-29,13,5,7.234,3,9.67
2025-01-29,14,5,13.11,8,7.67
2025-01-29,15,4,12.282499999999999,3,6.00
2025-01-29,16,4,7.0575,9,4.67
2025-01-29,17,2,16.265,8,4.33
2025-01-29,18,3,15.186666666666667,2,3.33
2025-01-29,19,6,7.316666666666666,11,3.00
2025-01-29,20,7,14.65,6,3.67
2025-01-29,21,10,12.791,6,5.33
2025-01-29,22,2,8.61,6,7.67
2025-01-29,23,4,6.3425,2,6.33
2025-01-30,0,9,12.377777777777778,3,5.33
2025-01-30,1,3,7.1933333333333325,2,5.00
2025-01-30,2,4,22.62,3,5.33
2025-01-30,3,3,11.903333333333334,4,5.33
2025-01-30,4,7,9.924285714285714,3,3.33
2025-01-30,5,2,16.145,6,4.67
2025-01-30,6,6,12.158333333333333,6,4.00
2025-01-30,7,4,8.98,9,5.00
2025-01-30,8,17,10.984117647058824,17,4.00
2025-01-30,9,20,12.658,19,9.00
2025-01-30,10,14,7.715000000000001,11,13.67
2025-01-30,11,14,13.337857142857143,10,17.00
2025-01-30,12,10,13.272,8,16.00
2025-01-30,13,4,8.2875,5,12.67
2025-01-30,14,4,14.08,5,9.33
2025-01-30,15,5,16.998,4,6.00
2025-01-30,16,6,11.153333333333334,4,4.33
2025-01-30,17,6,12.373333333333333,2,5.00
2025-01-30,18,3,6.216666666666666,3,5.67
2025-01-30,19,4,7.0725,6,5.00
2025-01-30,20,5,13.306000000000001,7,4.33
2025-01-30,21,3,6.8500000000000005,10,4.00
2025-01-30,22,1,23.51,2,4.00
2025-01-30,23,7,9.081428571428571,4,3.00
2025-01-31,0,4,16.384999999999998,9,3.67
2025-01-31,1,4,17.19,3,4.00
2025-01-31,2,6,16.915,4,5.00
2025-01-31,3,5,9.36,3,4.67
2025-01-31,4,8,16.46,7,5.00
2025-01-31,5,6,10.6,2,6.33
2025-01-31,6,4,14.045,6,6.33
2025-01-31,7,4,5.7975,4,6.00
2025-01-31,8,12,14.4975,17,4.67
2025-01-31,9,9,19.551111111111112,20,6.67
2025-01-31,10,24,13.227916666666667,14,8.33
2025-01-31,11,19,11.29,14,15.00
2025-01-31,12,4,11.0725,10,17.33
2025-01-31,13,4,8.4825,4,15.67
2025-01-31,14,4,7.34,4,9.00
2025-01-31,15,5,9.16,5,4.00
2025-01-31,16,4,16.622500000000002,6,4.33
2025-01-31,17,1,12.07,6,4.33
2025-01-31,18,8,18.69375,3,3.33
2025-01-31,19,4,15.6675,4,4.33
2025-01-31,20,8,9.50625,5,4.33
2025-01-31,21,4,16.2225,3,6.67
2025-01-31,22,5,13.594,1,5.33
2025-01-31,23,8,8.55,7,5.67
2025-02-01,0,4,13.685,4,5.67
2025-02-01,1,2,7.3149999999999995,4,5.67
2025-02-01,2,3,4.986666666666667,6,4.67
2025-02-01,3,3,8.37,5,3.00
2025-02-01,4,4,12.8575,8,2.67
2025-02-01,5,5,9.812000000000001,6,3.33
2025-02-01,6,5,14.988,4,4.00
2025-02-01,7,3,7.5,4,4.67
2025-02-01,8,10,13.858,12,4.33
2025-02-01,9,11,15.34909090909091,9,6.00
2025-02-01,10,8,13.92875,24,8.00
2025-02-01,11,11,17.274545454545454,19,9.67
2025-02-01,12,4,12.92,4,10.00
2025-02-01,13,6,16.786666666666665,4,7.67
2025-02-01,14,1,10.7,4,7.00
2025-02-01,15,2,20.095,5,3.67
2025-02-01,16,2,7.035,4,3.00
2025-02-01,17,6,16.19333333333333,1,1.67
2025-02-01,18,4,9.595,8,3.33
2025-02-01,19,7,12.819999999999999,4,4.00
2025-02-01,20,6,13.594999999999999,8,5.67
2025-02-01,21,7,14.651428571428571,4,5.67
2025-02-01,22,4,11.045,5,6.67
2025-02-01,23,2,15.995000000000001,8,5.67
2025-02-02,0,3,11.133333333333333,4,4.33
2025-02-02,1,1,23.37,2,3.00
2025-02-02,2,3,7.376666666666666,3,2.00
2025-02-02,3,2,16.435000000000002,3,2.33
2025-02-02,4,3,13.303333333333333,4,2.00
2025-02-02,5,1,22.7,5,2.67
2025-02-02,6,1,24.19,5,2.00
2025-02-02,7,4,11.265,3,1.67
2025-02-02,8,15,14.966666666666667,10,2.00
2025-02-02,9,8,12.17,11,6.67
2025-02-02,10,9,11.763333333333334,8,9.00
2025-02-02,11,8,17.66,11,10.67
2025-02-02,12,4,10.2175,4,8.33
2025-02-02,13,5,13.788,6,7.00
2025-02-02,14,2,16.580000000000002,1,5.67
2025-02-02,15,3,5.989999999999999,2,3.67
2025-02-02,16,4,16.505,2,3.33
2025-02-02,18,3,11.04,6,3.00
2025-02-02,19,1,5.58,4,3.33
2025-02-02,20,2,24.175,7,2.67
2025-02-02,21,2,26.59,6,2.00
2025-02-02,22,3,11.15,7,1.67
2025-02-02,23,5,7.390000000000001,4,2.33
2025-02-03,0,7,11.742857142857144,2,3.33
2025-02-03,1,3,7.903333333333333,3,5.00
2025-02-03,2,4,7.0600000000000005,1,5.00
2025-02-03,3,4,16.29,3,4.67
2025-02-03,4,6,17.308333333333334,2,3.67
2025-02-03,5,1,6.98,3,4.67
2025-02-03,6,4,11.07,1,3.67
2025-02-03,7,6,14.43,1,3.67
2025-02-03,8,15,12.170666666666667,4,3.67
2025-02-03,9,18,13.208888888888888,15,8.33
2025-02-03,10,17,13.532941176470588,8,13.00
2025-02-03,11,18,11.363888888888887,9,16.67
2025-02-03,12,9,11.927777777777777,8,17.67
2025-02-03,13,4,17.365,4,14.67
2025-02-03,14,4,10.2525,5,10.33
2025-02-03,15,6,12.746666666666668,2,5.67
2025-02-03,16,3,12.26,3,4.67
2025-02-03,17,3,15.143333333333333,4,4.33
2025-02-03,18,8,9.44125,3,4.00
2025-02-03,19,4,9.165,1,4.67
2025-02-03,20,6,13.661666666666667,2,5.00
2025-02-03,21,7,7.8028571428571425,2,6.00
2025-02-03,22,5,12.081999999999999,3,5.67
2025-02-03,23,2,19.515,5,6.00
2025-02-04,0,2,9.67,7,4.67
2025-02-04,1,4,17.225,3,3.00
2025-02-04,2,3,9.13,4,2.67
2025-02-04,3,3,14.156666666666666,4,3.00
2025-02-04,4,5,14.416,6,3.33
2025-02-04,5,4,18.6325,1,3.67
2025-02-04,6,7,15.348571428571429,4,4.00
2025-02-04,7,4,15.17,6,5.33
2025-02-04,8,15,10.322000000000001,15,5.00
2025-02-04,9,13,9.236923076923077,18,8.67
2025-02-04,10,15,12.879999999999999,17,10.67
2025-02-04,11,19,13.294736842105262,18,14.33
2025-02-04,12,1,10.47,9,15.67
2025-02-04,13,5,16.16,4,11.67
2025-02-04,14,3,13.180000000000001,4,8.33
2025-02-04,15,4,13.254999999999999,6,3.00
2025-02-04,16,5,8.588,3,4.00
2025-02-04,17,2,21.055,3,4.00
2025-02-04,18,8,12.40125,8,3.67
2025-02-04,19,7,14.874285714285715,4,5.00
2025-02-04,20,7,12.332857142857142,6,5.67
2025-02-04,21,5,8.394,7,7.33
2025-02-04,22,7,13.824285714285713,5,6.33
2025-02-04,23,3,8.783333333333333,2,6.33
2025-02-05,0,5,17.636000000000003,2,5.00
2025-02-05,1,6,20.62333333333333,4,5.00
2025-02-05,2,4,12.4475,3,4.67
2025-02-05,3,5,14.376,3,5.00
2025-02-05,4,5,12.116,5,5.00
2025-02-05,5,4,13.51,4,4.67
2025-02-05,6,5,12.76,7,4.67
2025-02-05,7,9,12.155555555555557,4,4.67
2025-02-05,8,18,12.552777777777777,15,6.00
2025-02-05,9,11,18.55818181818182,13,10.67
2025-02-05,10,17,12.416470588235294,15,12.67
2025-02-05,11,23,15.844782608695652,19,15.33
2025-02-05,12,6,15.241666666666667,1,17.00
2025-02-05,13,7,7.055714285714286,5,15.33
2025-02-05,14,4,13.662500000000001,3,12.00
2025-02-05,15,2,23.84,4,5.67
2025-02-05,16,4,12.024999999999999,5,4.33
2025-02-05,17,4,20.66,2,3.33
2025-02-05,18,6,19.526666666666667,8,3.33
2025-02-05,19,6,13.358333333333334,7,4.67
2025-02-05,20,11,16.66090909090909,7,5.33
2025-02-05,21,7,20.84714285714286,5,7.67
2025-02-05,22,3,12.476666666666667,7,8.00
2025-02-05,23,3,10.366666666666667,3,7.00
2025-02-06,0,3,19.146666666666665,5,4.33
2025-02-06,1,1,20.77,6,3.00
2025-02-06,2,6,13.051666666666668,4,2.33
2025-02-06,3,4,15.12,5,3.33
2025-02-06,4,5,15.184000000000001,5,3.67
2025-02-06,5,6,10.826666666666668,4,5.00
2025-02-06,6,4,7.88,5,5.00
2025-02-06,7,5,15.169999999999998,9,5.00
2025-02-06,8,11,11.407272727272728,18,5.00
2025-02-06,9,13,15.822307692307692,11,6.67
2025-02-06,10,14,12.598571428571429,17,9.67
2025-02-06,11,16,14.89125,23,12.67
2025-02-06,12,8,16.60125,6,14.33
2025-02-06,13,6,10.045,7,12.67
2025-02-06,14,3,9.793333333333333,4,10.00
2025-02-06,15,6,13.008333333333335,2,5.67
2025-02-06,16,7,12.722857142857142,4,5.00
2025-02-06,17,7,9.76142857142857,4,5.33
2025-02-06,18,9,17.03666666666667,6,6.67
2025-02-06,19,3,12.040000000000001,6,7.67
2025-02-06,20,8,10.1775,11,6.33
2025-02-06,21,4,12.8375,7,6.67
2025-02-06,22,6,15.708333333333334,3,5.00
2025-02-06,23,3,6.3999999999999995,3,6.00
2025-02-07,0,11,15.501818181818182,3,4.33
2025-02-07,1,4,7.9375,1,6.67
2025-02-07,2,2,23.685000000000002,6,6.00
2025-02-07,3,6,17.488333333333333,4,5.67
2025-02-07,4,6,10.893333333333333,5,4.00
2025-02-07,5,5,16.672,6,4.67
2025-02-07,6,5,15.918000000000001,4,5.67
2025-02-07,7,3,6.6066666666666665,5,5.33
2025-02-07,8,20,15.0315,11,4.33
2025-02-07,9,10,12.251999999999999,13,9.33
2025-02-07,10,19,15.04,14,11.00
2025-02-07,11,15,9.911333333333333,16,16.33
2025-02-07,12,4,9.895,8,14.67
2025-02-07,13,5,11.786000000000001,6,12.67
2025-02-07,14,9,9.876666666666667,3,8.00
2025-02-07,15,1,24.74,6,6.00
2025-02-07,16,6,15.588333333333333,7,5.00
2025-02-07,17,5,11.574,7,5.33
2025-02-07,18,7,11.790000000000001,9,4.00
2025-02-07,19,4,14.215,3,6.00
2025-02-07,20,5,7.874,8,5.33
2025-02-07,21,5,16.856,4,5.33
2025-02-07,22,7,19.045714285714286,6,4.67
2025-02-07,23,9,10.843333333333334,3,5.67
2025-02-08,0,2,17.3,11,7.00
2025-02-08,1,1,7.92,4,6.00
2025-02-08,3,4,15.45,2,4.00
2025-02-08,4,3,13.583333333333334,6,2.33
2025-02-08,5,3,22.52,6,2.67
2025-02-08,8,9,13.697777777777778,5,3.33
2025-02-08,9,8,17.34375,5,5.00
2025-02-08,10,14,17.240714285714287,3,6.67
2025-02-08,11,8,15.14,20,10.33
2025-02-08,12,7,20.53857142857143,10,10.00
2025-02-08,13,2,9.030000000000001,19,9.67
2025-02-08,14,4,13.835,15,5.67
2025-02-08,15,1,11.33,4,4.33
2025-02-08,16,3,11.403333333333334,5,2.33
2025-02-08,17,5,12.232,9,2.67
2025-02-08,18,2,8.835,1,3.00
2025-02-08,19,6,9.52,6,3.33
2025-02-08,20,2,10.09,5,4.33
2025-02-08,21,1,22.53,7,3.33
2025-02-08,22,5,15.302000000000001,4,3.00
2025-02-08,23,5,19.145999999999997,5,2.67
2025-02-09,0,4,11.8025,5,3.67
2025-02-09,1,1,25.1,7,4.67
2025-02-09,2,3,4.25,9,3.33
2025-02-09,3,4,12.965,2,2.67
2025-02-09,4,2,19.47,1,2.67
2025-02-09,5,3,6.683333333333334,4,3.00
2025-02-09,6,2,14.405000000000001,3,3.00
2025-02-09,7,3,15.673333333333332,3,2.33
2025-02-09,8,8,12.295,9,2.67
2025-02-09,9,8,15.848749999999999,8,4.33
2025-02-09,10,8,15.30875,14,6.33
2025-02-09,11,9,12.416666666666666,8,8.00
2025-02-09,12,1,28.34,7,8.33
2025-02-09,13,4,16.517500000000002,2,6.00
2025-02-09,14,2,9.515,4,4.67
2025-02-09,15,2,11.370000000000001,1,2.33
2025-02-09,16,4,16.3475,3,2.67
2025-02-09,17,1,7.8,5,2.67
2025-02-09,18,2,6.4,2,2.33
2025-02-09,19,2,3.47,6,2.33
2025-02-09,20,5,9.4,2,1.67
2025-02-09,21,2,16.335,1,3.00
2025-02-09,22,3,12.333333333333334,5,3.00
2025-02-09,23,3,18.516666666666666,5,3.33
2025-02-10,0,7,13.462857142857143,4,2.67
2025-02-10,1,2,10.085,1,4.33
2025-02-10,2,6,8.491666666666667,3,4.00
2025-02-10,3,5,18.628,4,5.00
2025-02-10,4,1,6.1,2,4.33
2025-02-10,5,10,14.930000000000001,3,4.00
2025-02-10,6,4,8.6275,2,5.33
2025-02-10,7,5,7.33,3,5.00
2025-02-10,8,18,9.615,8,6.33
2025-02-10,9,14,12.995714285714286,8,9.00
2025-02-10,10,14,15.311428571428573,8,12.33
2025-02-10,11,18,16.39611111111111,9,15.33
2025-02-10,12,1,21.58,1,15.33
2025-02-10,13,4,21.025,4,11.00
2025-02-10,14,7,10.251428571428573,2,7.67
2025-02-10,15,9,12.824444444444445,2,4.00
2025-02-10,16,4,15.1675,4,6.67
2025-02-10,17,3,12.513333333333334,1,6.67
2025-02-10,18,3,15.42,2,5.33
2025-02-10,19,5,6.254,2,3.33
2025-02-10,20,5,11.716,5,3.67
2025-02-10,21,2,8.17,2,4.33
2025-02-10,22,6,8.048333333333334,3,4.00
2025-02-10,23,6,6.998333333333334,3,4.33
2025-02-11,0,6,15.036666666666667,7,4.67
2025-02-11,1,6,10.495,2,6.00
2025-02-11,2,10,11.716,6,6.00
2025-02-11,3,5,11.164,5,7.33
2025-02-11,4,6,17.52,1,7.00
2025-02-11,5,7,14.627142857142857,10,7.00
2025-02-11,6,8,13.105,4,6.00
2025-02-11,7,4,9.6,5,7.00
2025-02-11,8,20,8.196,18,6.33
2025-02-11,9,16,14.3,14,10.67
2025-02-11,10,13,12.813076923076922,14,13.33
2025-02-11,11,17,12.757058823529412,18,16.33
2025-02-11,12,6,9.265,1,15.33
2025-02-11,13,6,18.37,4,12.00
2025-02-11,14,4,13.495000000000001,7,9.67
2025-02-11,15,4,12.2275,9,5.33
2025-02-11,16,6,9.873333333333333,4,4.67
2025-02-11,17,7,14.782857142857143,3,4.67
2025-02-11,18,5,22.94,3,5.67
2025-02-11,19,2,4.745,5,6.00
2025-02-11,20,4,16.305,5,4.67
2025-02-11,21,4,18.045,2,3.67
2025-02-11,22,6,11.589999999999998,6,3.33
2025-02-11,23,6,13.551666666666668,6,4.67
2025-02-12,0,8,13.1075,6,5.33
2025-02-12,1,7,15.389999999999999,6,6.67
2025-02-12,2,5,7.122,10,7.00
2025-02-12,3,6,13.413333333333334,5,6.67
2025-02-12,4,4,10.094999999999999,6,6.00
2025-02-12,5,2,2.865,7,5.00
2025-02-12,6,2,18.845,8,4.00
2025-02-12,7,5,17.348,4,2.67
2025-02-12,8,11,14.141818181818183,20,3.00
2025-02-12,9,17,14.24764705882353,16,6.00
2025-02-12,10,21,16.601904761904763,13,11.00
2025-02-12,11,17,10.538823529411765,17,16.33
2025-02-12,12,10,11.139999999999999,6,18.33
2025-02-12,13,9,8.35888888888889,6,16.00
2025-02-12,14,8,12.7525,4,12.00
2025-02-12,15,5,18.196,4,9.00
2025-02-12,16,9,18.033333333333335,6,7.33
2025-02-12,17,3,19.903333333333332,7,7.33
2025-02-12,18,2,26.395,5,5.67
2025-02-12,19,2,9.465,2,4.67
2025-02-12,20,4,16.335,4,2.33
2025-02-12,21,7,8.935714285714285,4,2.67
2025-02-12,22,2,3.385,6,4.33
2025-02-12,23,5,12.197999999999999,6,4.33
2025-02-13,0,2,6.1,8,4.67
2025-02-13,1,7,13.412857142857144,7,3.00
2025-02-13,2,4,15.79,5,4.67
2025-02-13,3,1,26.79,6,4.33
2025-02-13,4,6,16.576666666666668,4,4.00
2025-02-13,5,7,11.174285714285714,2,3.67
2025-02-13,6,5,12.734,2,4.67
2025-02-13,7,3,8.433333333333334,5,6.00
2025-02-13,8,17,13.981764705882354,11,5.00
2025-02-13,9,12,11.830833333333333,17,8.33
2025-02-13,10,16,17.76125,21,10.67
2025-02-13,11,17,10.510588235294119,17,15.00
2025-02-13,12,4,10.860000000000001,10,15.00
2025-02-13,13,4,15.9725,9,12.33
2025-02-13,14,3,5.3133333333333335,8,8.33
2025-02-13,15,5,10.284,5,3.67
2025-02-13,16,5,17.764,9,4.00
2025-02-13,17,7,11.835714285714285,3,4.33
2025-02-13,18,3,19.003333333333334,2,5.67
2025-02-13,19,3,6.153333333333333,2,5.00
2025-02-13,20,4,23.1475,4,4.33
2025-02-13,21,7,13.472857142857142,7,3.33
2025-02-13,22,6,9.215,2,4.67
2025-02-13,23,6,11.896666666666667,5,5.67
2025-02-14,0,4,19.8925,2,6.33
2025-02-14,1,2,14.305,7,5.33
2025-02-14,2,10,11.029,4,4.00
2025-02-14,3,10,10.248999999999999,1,5.33
2025-02-14,4,5,14.37,6,7.33
2025-02-14,5,4,12.022499999999999,7,8.33
2025-02-14,6,3,16.290000000000003,5,6.33
2025-02-14,7,6,15.361666666666666,3,4.00
2025-02-14,8,16,13.301874999999999,17,4.33
2025-02-14,9,20,12.5875,12,8.33
2025-02-14,10,15,8.904666666666666,16,14.00
2025-02-14,11,15,14.85,17,17.00
2025-02-14,12,3,12.766666666666666,4,16.67
2025-02-14,13,4,14.55,4,11.00
2025-02-14,14,5,6.354,3,7.33
2025-02-14,15,5,15.418000000000001,5,4.00
2025-02-14,16,2,6.8,5,4.67
2025-02-14,17,5,12.807999999999998,7,4.00
2025-02-14,18,6,11.651666666666666,3,4.00
2025-02-14,19,8,12.125,3,4.33
2025-02-14,20,4,10.785,4,6.33
2025-02-14,21,7,16.024285714285714,7,6.00
2025-02-14,22,2,8.23,6,6.33
2025-02-14,23,6,17.543333333333333,6,4.33
2025-02-15,0,2,7.28,4,5.00
2025-02-15,1,4,15.405000000000001,2,3.33
2025-02-15,2,4,18.580000000000002,10,4.00
2025-02-15,3,4,16.255,10,3.33
2025-02-15,4,4,18.61,5,4.00
2025-02-15,5,4,15.745000000000001,4,4.00
2025-02-15,6,2,17.035,3,4.00
2025-02-15,7,5,11.25,6,3.33
2025-02-15,8,6,17.43,16,3.67
2025-02-15,9,9,11.183333333333334,20,4.33
2025-02-15,10,16,12.419375,15,6.67
2025-02-15,11,9,14.854444444444445,15,10.33
2025-02-15,12,1,2.66,3,11.33
2025-02-15,13,3,15.68,4,8.67
2025-02-15,14,2,7.4799999999999995,5,4.33
2025-02-15,15,3,14.4,5,2.00
2025-02-15,16,3,14.236666666666666,2,2.67
2025-02-15,17,5,11.22,5,2.67
2025-02-15,18,2,21.185000000000002,6,3.67
2025-02-15,19,2,20.68,8,3.33
2025-02-15,20,4,14.58,4,3.00
2025-02-15,21,4,17.7325,7,2.67
2025-02-15,22,1,7.77,2,3.33
2025-02-15,23,2,8.25,6,3.00
2025-02-16,0,2,10.065000000000001,2,2.33
2025-02-16,1,7,7.28,4,1.67
2025-02-16,2,4,6.7625,4,3.67
2025-02-16,3,5,9.848,4,4.33
2025-02-16,4,3,15.56,4,5.33
2025-02-16,5,3,15.65,4,4.00
2025-02-16,6,1,22.35,2,3.67
2025-02-16,7,2,19.04,5,2.33
2025-02-16,8,6,17.705000000000002,6,2.00
2025-02-16,9,7,11.742857142857144,9,3.00
2025-02-16,10,6,13.886666666666668,16,5.00
2025-02-16,11,4,18.19,9,6.33
2025-02-16,12,4,17.28,1,5.67
2025-02-16,13,3,9.623333333333333,3,4.67
2025-02-16,14,2,14.694999999999999,2,3.67
2025-02-16,15,4,13.2275,3,3.00
2025-02-16,16,4,17.1075,3,3.00
2025-02-16,17,3,8.326666666666666,5,3.33
2025-02-16,18,4,7.2525,2,3.67
2025-02-16,19,1,12.03,2,3.67
2025-02-16,20,3,20.14,4,2.67
2025-02-16,21,3,13.126666666666665,4,2.67
2025-02-16,22,1,7.61,1,2.33
2025-02-16,23,4,12.14,2,2.33
2025-02-17,0,6,15.348333333333334,2,2.67
2025-02-17,1,7,14.912857142857144,7,3.67
2025-02-17,2,4,14.3975,4,5.67
2025-02-17,3,7,11.688571428571427,5,5.67
2025-02-17,4,4,9.9025,3,6.00
2025-02-17,5,8,16.55375,3,5.00
2025-02-17,6,9,18.912222222222223,1,6.33
2025-02-17,7,6,13.831666666666665,2,7.00
2025-02-17,8,20,11.683,6,7.67
2025-02-17,9,14,10.359285714285715,7,11.67
2025-02-17,10,13,18.103846153846153,6,13.33
2025-02-17,11,11,11.541818181818183,4,15.67
2025-02-17,12,3,10.656666666666666,4,12.67
2025-02-17,13,9,12.288888888888888,3,9.00
2025-02-17,14,8,9.4625,2,7.67
2025-02-17,15,2,9.75,4,6.67
2025-02-17,16,4,18.3775,4,6.33
2025-02-17,17,5,17.934,3,4.67
2025-02-17,18,7,14.182857142857143,4,3.67
2025-02-17,19,4,11.88,1,5.33
2025-02-17,20,8,11.795,3,5.33
2025-02-17,21,2,13.725,3,6.33
2025-02-17,22,4,15.362499999999999,1,4.67
2025-02-17,23,3,13.966666666666667,4,4.67
2025-02-18,0,7,12.20142857142857,6,3.00
2025-02-18,1,2,23.005,7,4.67
2025-02-18,2,5,11.251999999999999,4,4.00
2025-02-18,3,6,6.914999999999999,7,4.67
2025-02-18,4,3,13.453333333333333,4,4.33
2025-02-18,5,5,8.873999999999999,8,4.67
2025-02-18,6,9,11.878888888888888,9,4.67
2025-02-18,7,7,10.365714285714287,6,5.67
2025-02-18,8,18,12.096666666666668,20,7.00
2025-02-18,9,10,13.365,14,11.33
2025-02-18,10,14,14.305714285714286,13,11.67
2025-02-18,11,13,13.751538461538463,11,14.00
2025-02-18,12,3,16.456666666666667,3,12.33
2025-02-18,13,4,11.945,9,10.00
2025-02-18,14,3,7.043333333333333,8,6.67
2025-02-18,15,7,17.377142857142857,2,3.33
2025-02-18,16,8,13.12125,4,4.67
2025-02-18,17,5,10.136,5,6.00
2025-02-18,18,5,6.446000000000001,7,6.67
2025-02-18,19,6,9.665000000000001,4,6.00
2025-02-18,20,3,25.61,8,5.33
2025-02-18,21,2,8.455,2,4.67
2025-02-18,22,2,6.125,4,3.67
2025-02-19,0,3,13.14,3,2.33
2025-02-19,1,5,15.663999999999998,7,2.33
2025-02-19,2,5,19.622,2,3.33
2025-02-19,3,2,8.39,5,4.33
2025-02-19,4,5,17.85,6,4.00
2025-02-19,5,6,13.659999999999998,3,4.00
2025-02-19,6,4,13.0675,5,4.33
2025-02-19,7,3,6.903333333333333,9,5.00
2025-02-19,8,17,14.084117647058823,7,4.33
2025-02-19,9,19,14.083157894736841,18,8.00
2025-02-19,10,14,12.557857142857143,10,13.00
2025-02-19,11,8,10.93,14,16.67
2025-02-19,12,5,13.5,13,13.67
2025-02-19,13,5,16.708000000000002,3,9.00
2025-02-19,14,3,19.44666666666667,4,6.00
2025-02-19,15,8,10.94125,3,4.33
2025-02-19,16,4,12.7725,7,5.33
2025-02-19,17,5,14.901999999999997,8,5.00
2025-02-19,18,4,12.985,5,5.67
2025-02-19,19,8,10.86875,5,4.33
2025-02-19,20,9,11.676666666666668,6,5.67
2025-02-19,21,5,12.78,3,7.00
2025-02-19,22,7,14.502857142857142,2,7.33
2025-02-19,23,5,4.936,2,7.00
2025-02-20,0,2,11.315000000000001,3,5.67
2025-02-20,1,5,8.172,5,4.67
2025-02-20,2,3,14.026666666666666,5,4.00
2025-02-20,3,4,15.23,2,3.33
2025-02-20,4,3,19.2,5,4.00
2025-02-20,5,2,8.605,6,3.33
2025-02-20,6,4,11.84,4,3.00
2025-02-20,7,5,11.431999999999999,3,3.00
2025-02-20,8,14,11.190714285714284,17,3.67
2025-02-20,9,20,13.605500000000001,19,7.67
2025-02-20,10,13,11.507692307692308,14,13.00
2025-02-20,11,19,15.660000000000002,8,15.67
2025-02-20,12,6,18.271666666666665,5,17.33
2025-02-20,13,9,21.005555555555556,5,12.67
2025-02-20,14,7,10.204285714285714,3,11.33
2025-02-20,15,5,16.532,8,7.33
2025-02-20,16,4,20.1625,4,7.00
2025-02-20,17,10,11.064,5,5.33
2025-02-20,18,3,14.446666666666667,4,6.33
2025-02-20,19,2,16.015,8,5.67
2025-02-20,20,6,12.351666666666667,9,5.00
2025-02-20,22,4,12.565000000000001,5,3.67
2025-02-20,23,3,14.113333333333335,7,4.00
2025-02-21,0,3,13.816666666666668,5,4.33
2025-02-21,1,4,16.7075,2,3.33
2025-02-21,2,8,15.19125,5,3.33
2025-02-21,3,1,8.6,3,5.00
2025-02-21,4,7,9.922857142857143,4,4.33
2025-02-21,5,3,7.246666666666667,3,5.33
2025-02-21,6,2,8.42,2,3.67
2025-02-21,7,4,7.73,4,4.00
2025-02-21,8,8,14.91125,5,3.00
2025-02-21,9,11,8.958181818181819,14,4.67
2025-02-21,10,12,14.238333333333335,20,7.67
2025-02-21,11,15,13.638,13,10.33
2025-02-21,12,6,14.085,19,12.67
2025-02-21,13,4,11.275,6,11.00
2025-02-21,14,6,6.651666666666666,9,8.33
2025-02-21,15,6,7.631666666666667,7,5.33
2025-02-21,16,3,18.9,5,5.33
2025-02-21,17,6,13.26,4,5.00
2025-02-21,18,4,15.9425,10,5.00
2025-02-21,19,3,18.386666666666667,3,4.33
2025-02-21,20,5,13.866,2,4.33
2025-02-21,21,4,5.7,6,4.00
2025-02-21,22,4,16.3425,4,4.00
2025-02-21,23,8,15.34,3,4.33
2025-02-22,0,5,9.506,3,5.33
2025-02-22,1,2,16.03,4,5.67
2025-02-22,2,4,12.5125,8,5.00
2025-02-22,3,1,8.22,1,3.67
2025-02-22,4,4,9.445,7,2.33
2025-02-22,5,5,7.774000000000001,3,3.00
2025-02-22,6,1,7.26,2,3.33
2025-02-22,7,2,9.36,4,3.33
2025-02-22,8,7,12.425714285714287,8,2.67
2025-02-22,9,8,15.502500000000001,11,3.33
2025-02-22,10,10,14.783000000000001,12,5.67
2025-02-22,11,11,12.668181818181818,15,8.33
2025-02-22,12,3,16.76,6,9.67
2025-02-22,13,3,19.476666666666667,4,8.00
2025-02-22,14,1,9.47,6,5.67
2025-02-22,15,1,2.5,6,2.33
2025-02-22,16,3,6.54,3,1.67
2025-02-22,17,4,16.395,6,1.67
2025-02-22,18,3,4.989999999999999,4,2.67
2025-02-22,19,3,12.910000000000002,3,3.33
2025-02-22,20,3,14.903333333333334,5,3.33
2025-02-22,21,2,30.295,4,3.00
2025-02-22,22,5,7.853999999999999,4,2.67
2025-02-22,23,2,9.27,8,3.33
2025-02-23,0,5,14.235999999999999,5,3.00
2025-02-23,1,2,8.46,2,4.00
2025-02-23,2,4,11.5975,4,3.00
2025-02-23,3,2,7.475,1,3.67
2025-02-23,5,2,26.729999999999997,4,2.67
2025-02-23,6,5,14.806000000000001,5,2.67
2025-02-23,7,2,18.32,1,3.00
2025-02-23,8,9,9.444444444444445,2,3.00
2025-02-23,9,9,13.763333333333334,7,5.33
2025-02-23,10,14,14.844285714285714,8,6.67
2025-02-23,11,18,13.886666666666667,10,10.67
2025-02-23,12,4,12.004999999999999,11,13.67
2025-02-23,13,3,15.836666666666666,3,12.00
2025-02-23,14,2,8.895,3,8.33
2025-02-23,15,1,9.42,1,3.00
2025-02-23,16,3,13.856666666666667,1,2.00
2025-02-23,17,4,20.485,3,2.00
2025-02-23,18,3,12.76,4,2.67
2025-02-23,19,5,9.168000000000001,3,3.33
2025-02-23,20,4,16.6525,3,4.00
2025-02-23,21,3,13.83,3,4.00
2025-02-23,22,1,10.81,2,4.00
2025-02-23,23,4,6.3375,5,2.67
2025-02-24,0,4,13.6775,2,2.67
2025-02-24,1,5,7.6,5,3.00
2025-02-24,2,10,13.281,2,4.33
2025-02-24,3,5,6.084,4,6.33
2025-02-24,4,4,12.92,2,6.67
2025-02-24,5,2,15.825,2,6.33
2025-02-24,6,2,27.14,5,3.67
2025-02-24,7,5,15.187999999999999,2,2.67
2025-02-24,8,11,13.121818181818183,9,3.00
2025-02-24,9,9,12.347777777777777,9,6.00
2025-02-24,10,14,11.534285714285714,14,8.33
2025-02-24,11,18,12.63888888888889,18,11.33
2025-02-24,12,6,17.298333333333336,4,13.67
2025-02-24,13,6,9.283333333333333,3,12.67
2025-02-24,14,4,12.6275,2,10.00
2025-02-24,15,5,13.639999999999997,1,5.33
2025-02-24,16,6,12.173333333333334,3,5.00
2025-02-24,17,3,14.24,4,5.00
2025-02-24,18,5,15.047999999999998,3,4.67
2025-02-24,19,6,10.42,5,4.67
2025-02-24,20,6,16.418333333333333,4,4.67
2025-02-24,21,2,9.425,3,5.67
2025-02-24,22,5,10.036,1,4.67
2025-02-24,23,1,10.33,4,4.33
2025-02-25,0,4,13.91,4,2.67
2025-02-25,1,9,10.603333333333333,5,3.33
2025-02-25,2,5,12.606,10,4.67
2025-02-25,3,3,14.733333333333334,5,6.00
2025-02-25,4,2,15.600000000000001,4,5.67
2025-02-25,5,9,14.149999999999999,2,3.33
2025-02-25,6,5,12.218,2,4.67
2025-02-25,7,4,10.59,5,5.33
2025-02-25,8,19,10.296842105263158,11,6.00
2025-02-25,9,12,12.890833333333333,9,9.33
2025-02-25,10,8,13.16375,14,11.67
2025-02-25,11,22,11.045454545454545,18,13.00
2025-02-25,12,8,9.55625,6,14.00
2025-02-25,13,3,6.153333333333333,6,12.67
2025-02-25,14,3,9.743333333333334,4,11.00
2025-02-25,15,2,11.265,5,4.67
2025-02-25,16,3,9.403333333333334,6,2.67
2025-02-25,17,8,11.365,3,2.67
2025-02-25,18,7,10.748571428571429,5,4.33
2025-02-25,19,7,14.20142857142857,6,6.00
2025-02-25,20,9,9.992222222222223,6,7.33
2025-02-25,21,4,12.2225,2,7.67
2025-02-25,22,1,6.98,5,6.67
2025-02-25,23,6,12.316666666666668,1,4.67
2025-02-26,0,4,13.57,4,3.67
2025-02-26,1,4,18.965,9,3.67
2025-02-26,2,3,10.293333333333335,5,4.67
2025-02-26,3,7,11.58,3,3.67
2025-02-26,4,6,14.146666666666667,2,4.67
2025-02-26,5,4,12.182500000000001,9,5.33
2025-02-26,6,11,11.051818181818183,5,5.67
2025-02-26,7,5,15.685999999999998,4,7.00
2025-02-26,8,21,12.973809523809523,19,6.67
2025-02-26,9,17,16.531764705882352,12,12.33
2025-02-26,10,14,13.537857142857144,8,14.33
2025-02-26,11,16,12.30375,22,17.33
2025-02-26,12,5,13.451999999999998,8,15.67
2025-02-26,13,4,17.1875,3,11.67
2025-02-26,14,5,10.228,3,8.33
2025-02-26,15,1,27.24,2,4.67
2025-02-26,16,7,16.845714285714287,3,3.33
2025-02-26,17,5,13.284,8,4.33
2025-02-26,18,3,7.476666666666667,7,4.33
2025-02-26,19,6,6.843333333333334,7,5.00
2025-02-26,20,3,19.953333333333333,9,4.67
2025-02-26,21,1,13.71,4,4.00
2025-02-26,22,6,14.116666666666667,1,3.33
2025-02-26,23,5,10.484,6,3.33
2025-02-27,0,3,10.626666666666667,4,4.00
2025-02-27,1,6,9.866666666666667,4,4.67
2025-02-27,2,1,25.86,3,4.67
2025-02-27,3,5,15.1,7,3.33
2025-02-27,4,6,9.52,6,4.00
2025-02-27,5,6,14.055,4,4.00
2025-02-27,6,5,9.288,11,5.67
2025-02-27,7,6,16.07,5,5.67
2025-02-27,8,18,12.363333333333333,21,5.67
2025-02-27,9,16,11.441875,17,9.67
2025-02-27,10,13,11.527692307692307,14,13.33
2025-02-27,11,22,14.762727272727272,16,15.67
2025-02-27,12,6,9.343333333333334,5,17.00
2025-02-27,13,8,13.84125,4,13.67
2025-02-27,14,5,13.314000000000002,5,12.00
2025-02-27,15,7,14.620000000000001,1,6.33
2025-02-27,16,6,9.526666666666666,7,6.67
2025-02-27,17,6,9.466666666666667,5,6.00
2025-02-27,18,4,12.7675,3,6.33
2025-02-27,19,3,6.456666666666666,6,5.33
2025-02-27,20,11,11.813636363636364,3,4.33
2025-02-27,21,5,11.078,1,6.00
2025-02-27,22,4,9.205,6,6.33
2025-02-27,23,7,12.717142857142857,5,6.67
2025-02-28,0,6,11.550000000000002,3,5.33
2025-02-28,1,5,13.384,6,5.67
2025-02-28,2,5,18.286,1,6.00
2025-02-28,3,7,11.851428571428572,5,5.33
2025-02-28,4,2,6.28,6,5.67
2025-02-28,5,2,9.51,6,4.67
2025-02-28,6,4,12.2875,5,3.67
2025-02-28,7,2,11.135,6,2.67
2025-02-28,8,13,12.132307692307693,18,2.67
2025-02-28,9,14,12.567142857142857,16,6.33
2025-02-28,10,21,10.936190476190475,13,9.67
2025-02-28,11,15,13.345333333333334,22,16.00
2025-02-28,12,6,10.485,6,16.67
2025-02-28,13,9,15.106666666666667,8,14.00
2025-02-28,14,5,19.154,5,10.00
2025-02-28,15,5,8.831999999999999,7,6.67
2025-02-28,16,3,7.789999999999999,6,6.33
2025-02-28,17,2,7.08,6,4.33
2025-02-28,18,4,10.8225,4,3.33
2025-02-28,19,5,10.556,3,3.00
2025-02-28,20,8,17.31,11,3.67
2025-02-28,21,3,12.33,5,5.67
2025-02-28,22,7,10.487142857142857,4,5.33
2025-02-28,23,5,15.251999999999999,7,6.00
2025-03-01,0,3,7.603333333333334,6,5.00
2025-03-01,2,2,16.675,5,5.00
2025-03-01,3,2,15.545,5,3.33
2025-03-01,4,1,9.49,7,2.33
2025-03-01,5,5,15.942000000000002,2,1.67
2025-03-01,6,4,12.62,2,2.67
2025-03-01,7,5,11.674000000000001,4,3.33
2025-03-01,8,9,14.40111111111111,2,4.67
2025-03-01,9,9,11.393333333333333,13,6.00
2025-03-01,10,12,12.8825,14,7.67
2025-03-01,11,17,14.167058823529413,21,10.00
2025-03-01,13,5,19.79,15,12.67
2025-03-01,14,6,10.94,6,11.33
2025-03-01,15,2,4.5649999999999995,9,9.33
2025-03-01,16,4,19.9475,5,4.33
2025-03-01,18,2,9.09,5,4.00
2025-03-01,19,2,17.525,3,2.67
2025-03-01,20,3,12.093333333333334,2,2.67
2025-03-01,21,1,3.77,4,2.33
2025-03-01,22,3,14.026666666666666,5,2.00
2025-03-01,23,2,3.57,8,2.33
2025-03-02,0,3,16.326666666666664,3,2.00
2025-03-02,1,3,6.62,7,2.67
2025-03-02,3,3,5.71,5,2.67
2025-03-02,4,3,13.316666666666668,3,3.00
2025-03-02,5,5,14.088,2,3.00
2025-03-02,6,2,7.245,2,3.67
2025-03-02,7,2,17.595,1,3.33
2025-03-02,8,6,12.713333333333333,5,3.00
2025-03-02,9,7,12.114285714285714,4,3.33
2025-03-02,10,6,13.520000000000001,5,5.00
2025-03-02,11,11,12.639090909090909,9,6.33
2025-03-02,13,2,7.035,9,8.00
2025-03-02,14,5,10.05,12,6.33
2025-03-02,15,2,10.34,17,6.00
2025-03-02,16,3,13.459999999999999,5,3.00
2025-03-02,17,3,12.566666666666665,6,3.33
2025-03-02,19,1,5.16,2,2.67
2025-03-02,20,3,18.743333333333332,4,2.33
2025-03-02,21,4,11.7825,2,2.33
2025-03-02,22,3,20.936666666666667,2,2.67
2025-03-02,23,2,15.175,3,3.33
2025-03-03,0,5,11.388,1,3.00
2025-03-03,1,1,9.29,3,3.33
2025-03-03,2,10,18.287,2,2.67
2025-03-03,3,6,11.71,3,5.33
2025-03-03,4,8,12.68,3,5.67
2025-03-03,5,7,21.754285714285714,3,8.00
2025-03-03,6,3,8.59,3,7.00
2025-03-03,7,8,10.59875,5,6.00
2025-03-03,8,18,10.54,2,6.00
2025-03-03,9,16,10.61375,2,9.67
2025-03-03,10,19,13.795263157894738,6,14.00
2025-03-03,11,15,15.088666666666665,7,17.67
2025-03-03,12,5,11.866,6,16.67
2025-03-03,13,3,12.463333333333333,11,13.00
2025-03-03,14,4,17.09,2,7.67
2025-03-03,15,5,8.2,5,4.00
2025-03-03,16,7,16.82,2,4.00
2025-03-03,17,9,13.875555555555557,3,5.33
2025-03-03,18,6,17.876666666666665,3,7.00
2025-03-03,19,5,11.104,1,7.33
2025-03-03,20,4,15.23,3,6.67
2025-03-03,21,5,12.568000000000001,4,5.00
2025-03-03,22,5,16.734,3,4.67
2025-03-03,23,4,7.0649999999999995,2,4.67
2025-03-04,0,8,16.986250000000002,5,4.67
2025-03-04,1,4,15.69,1,5.67
2025-03-04,2,3,8.363333333333333,10,5.33
2025-03-04,3,5,21.669999999999998,6,5.00
2025-03-04,4,4,14.77,8,4.00
2025-03-04,5,5,17.402,7,4.00
2025-03-04,6,3,12.923333333333334,3,4.67
2025-03-04,7,5,12.658,8,4.00
2025-03-04,8,6,8.408333333333333,18,4.33
2025-03-04,9,22,13.645454545454545,16,4.67
2025-03-04,10,12,14.730833333333335,19,11.00
2025-03-04,11,24,11.499166666666667,15,13.33
2025-03-04,12,4,10.129999999999999,5,19.33
2025-03-04,13,7,15.557142857142855,3,13.33
2025-03-04,14,3,10.303333333333333,4,11.67
2025-03-04,15,1,7.72,5,4.67
2025-03-04,16,3,7.506666666666667,7,3.67
2025-03-04,17,7,15.698571428571427,9,2.33
2025-03-04,18,9,9.132222222222222,6,3.67
2025-03-04,19,6,12.300000000000002,5,6.33
2025-03-04,20,9,12.935555555555556,4,7.33
2025-03-04,21,11,10.729090909090909,5,8.00
2025-03-04,22,3,20.933333333333334,5,8.67
2025-03-04,23,2,25.47,4,7.67
2025-03-05,0,8,12.8025,8,5.33
2025-03-05,1,5,11.331999999999999,4,4.33
2025-03-05,2,8,6.475,3,5.00
2025-03-05,3,6,11.195,5,7.00
2025-03-05,4,3,10.246666666666666,4,6.33
2025-03-05,5,6,16.451666666666668,5,5.67
2025-03-05,6,5,11.96,3,5.00
2025-03-05,7,2,3.81,5,4.67
2025-03-05,8,14,14.077142857142857,6,4.33
2025-03-05,9,14,11.99642857142857,22,7.00
2025-03-05,10,12,15.756666666666668,12,10.00
2025-03-05,11,14,14.070714285714287,24,13.33
2025-03-05,12,6,8.283333333333333,4,13.33
2025-03-05,13,4,7.8774999999999995,7,10.67
2025-03-05,14,7,12.180000000000001,3,8.00
2025-03-05,15,6,14.858333333333334,1,5.67
2025-03-05,16,5,7.43,3,5.67
2025-03-05,17,4,16.2875,7,6.00
2025-03-05,18,3,14.323333333333332,9,5.00
2025-03-05,19,4,12.4475,6,4.00
2025-03-05,20,5,7.558,9,3.67
2025-03-05,21,3,13.986666666666666,11,4.00
2025-03-05,22,2,7.609999999999999,3,4.00
2025-03-05,23,5,14.354,2,3.33
2025-03-06,0,3,18.14,8,3.33
2025-03-06,1,4,9.3275,5,3.33
2025-03-06,2,6,13.658333333333333,8,4.00
2025-03-06,3,6,11.111666666666666,6,4.33
2025-03-06,4,2,8.120000000000001,3,5.33
2025-03-06,5,5,16.712,6,4.67
2025-03-06,6,7,14.615714285714287,5,4.33
2025-03-06,7,9,10.763333333333334,2,4.67
2025-03-06,8,18,12.910555555555556,14,7.00
2025-03-06,9,13,11.702307692307691,14,11.33
2025-03-06,10,18,10.006111111111112,12,13.33
2025-03-06,11,15,11.446,14,16.33
2025-03-06,12,7,14.912857142857144,6,15.33
2025-03-06,13,5,5.136,4,13.33
2025-03-06,14,4,8.9975,7,9.00
2025-03-06,15,7,12.954285714285716,6,5.33
2025-03-06,16,3,7.136666666666667,5,5.33
2025-03-06,17,8,16.415,4,4.67
2025-03-06,18,3,6.256666666666667,3,6.00
2025-03-06,19,2,16.48,4,4.67
2025-03-06,20,10,10.850999999999999,5,4.33
2025-03-06,21,4,15.17,3,5.00
2025-03-06,22,5,17.65,2,5.33
2025-03-06,23,4,13.79,5,6.33
2025-03-07,0,4,18.16,3,4.33
2025-03-07,1,6,15.33,4,4.33
2025-03-07,3,6,9.165000000000001,6,4.67
2025-03-07,4,9,15.221111111111112,6,5.33
2025-03-07,6,2,6.835,2,7.00
2025-03-07,7,8,17.8325,5,5.67
2025-03-07,8,15,12.780000000000001,7,6.33
2025-03-07,9,23,11.933913043478261,9,8.33
2025-03-07,10,8,11.56625,18,15.33
2025-03-07,11,16,13.8275,13,15.33
2025-03-07,12,10,15.609,18,15.67
2025-03-07,13,9,19.325555555555557,15,11.33
2025-03-07,14,5,6.958,7,11.67
2025-03-07,15,3,12.75,5,8.00
2025-03-07,16,7,15.075714285714286,4,5.67
2025-03-07,17,4,15.9775,7,5.00
2025-03-07,18,4,12.055,3,4.67
2025-03-07,19,7,8.117142857142857,8,5.00
2025-03-07,20,2,23.240000000000002,3,5.00
2025-03-07,21,6,17.176666666666666,2,4.33
2025-03-07,22,8,13.08375,10,5.00
2025-03-07,23,6,10.13,4,5.33
2025-03-08,0,2,5.65,5,6.67
2025-03-08,1,5,17.516,4,5.33
2025-03-08,2,5,11.22,4,4.33
2025-03-08,4,2,16.985,6,4.00
2025-03-08,5,5,11.294,6,4.00
2025-03-08,6,3,13.396666666666667,9,4.00
2025-03-08,7,1,9.19,2,3.33
2025-03-08,8,2,7.59,8,3.00
2025-03-08,9,6,10.191666666666666,15,2.00
2025-03-08,10,5,14.212,23,3.00
2025-03-08,11,4,16.635,8,4.33
2025-03-08,12,2,18.4,16,5.00
2025-03-08,13,4,12.2125,10,3.67
2025-03-08,14,6,9.706666666666667,9,3.33
2025-03-08,15,2,6.58,5,4.00
2025-03-08,16,2,4.155,3,4.00
2025-03-08,17,3,12.29,7,3.33
2025-03-08,18,2,19.1,4,2.33
2025-03-08,19,6,13.261666666666665,4,2.33
2025-03-08,20,1,10.15,7,3.67
2025-03-08,21,3,14.776666666666666,2,3.00
2025-03-08,22,1,7.47,6,3.33
2025-03-09,0,1,9.56,8,1.67
2025-03-09,1,2,13.54,6,1.67
2025-03-09,2,7,18.08142857142857,2,1.33
2025-03-09,3,1,20.73,5,3.33
2025-03-09,4,7,6.678571428571429,5,3.33
2025-03-09,5,4,14.5225,2,5.00
2025-03-09,6,3,8.656666666666666,5,4.00
2025-03-09,7,3,18.24,3,4.67
2025-03-09,8,8,11.17625,1,3.33
2025-03-09,9,8,15.47875,2,4.67
2025-03-09,10,5,8.908,6,6.33
2025-03-09,11,6,7.568333333333334,5,7.00
2025-03-09,12,3,15.463333333333333,4,6.33
2025-03-09,13,1,6.6,2,4.67
2025-03-09,14,3,6.489999999999999,4,3.33
2025-03-09,15,4,18.5925,6,2.33
2025-03-09,16,2,10.485,2,2.67
2025-03-09,17,4,13.852500000000001,2,3.00
2025-03-09,18,2,17.78,3,3.33
2025-03-09,19,2,19.07,2,2.67
2025-03-09,20,2,19.335,6,2.67
2025-03-09,21,4,12.675,1,2.00
2025-03-09,22,1,29.75,3,2.67
2025-03-09,23,5,13.738,1,2.33
2025-03-10,0,4,14.282499999999999,1,3.33
2025-03-10,1,4,11.412500000000001,2,3.33
2025-03-10,2,2,13.125,7,4.33
2025-03-10,3,10,10.84,1,3.33
2025-03-10,4,4,17.525,7,5.33
2025-03-10,5,6,14.555,4,5.33
2025-03-10,6,3,11.076666666666666,3,6.67
2025-03-10,7,3,20.813333333333333,3,4.33
2025-03-10,8,21,11.312380952380952,8,4.00
2025-03-10,9,14,12.197142857142856,8,9.00
2025-03-10,10,17,10.638823529411766,5,12.67
2025-03-10,11,11,15.17818181818182,6,17.33
2025-03-10,12,2,7.02,3,14.00
2025-03-10,13,7,17.435714285714287,1,10.00
2025-03-10,14,6,18.111666666666668,3,6.67
2025-03-10,15,5,10.958,4,5.00
2025-03-10,16,6,12.846666666666666,2,6.00
2025-03-10,17,8,12.2375,4,5.67
2025-03-10,18,5,9.006,2,6.33
2025-03-10,19,3,8.226666666666667,2,6.33
2025-03-10,20,7,12.431428571428572,2,5.33
2025-03-10,21,3,17.533333333333335,4,5.00
2025-03-10,22,1,23.44,1,4.33
2025-03-10,23,8,11.69125,5,3.67
2025-03-11,0,1,23.96,4,4.00
2025-03-11,1,7,16.509999999999998,4,3.33
2025-03-11,2,4,8.585,2,5.33
2025-03-11,3,6,10.383333333333335,10,4.00
2025-03-11,4,6,13.361666666666666,4,5.67
2025-03-11,5,4,17.5775,6,5.33
2025-03-11,6,4,10.66,3,5.33
2025-03-11,7,3,16.51666666666667,3,4.67
2025-03-11,8,18,10.767777777777777,21,3.67
2025-03-11,9,17,10.52,14,8.33
2025-03-11,10,17,10.32470588235294,17,12.67
2025-03-11,11,13,14.299230769230768,11,17.33
2025-03-11,12,5,10.78,2,15.67
2025-03-11,13,5,11.844,7,11.67
2025-03-11,14,6,16.919999999999998,6,7.67
2025-03-11,15,5,14.809999999999999,5,5.33
2025-03-11,16,2,14.875,6,5.33
2025-03-11,17,5,15.201999999999998,8,4.33
2025-03-11,18,4,16.985,5,4.00
2025-03-11,19,8,11.969999999999999,3,3.67
2025-03-11,20,6,15.81,7,5.67
2025-03-11,21,2,8.77,3,6.00
2025-03-11,22,5,12.792,1,5.33
2025-03-11,23,7,10.442857142857141,8,4.33
2025-03-12,0,5,14.366,1,4.67
2025-03-12,1,1,10.5,7,5.67
2025-03-12,2,5,10.738,4,4.33
2025-03-12,3,6,17.451666666666668,6,3.67
2025-03-12,4,6,10.248333333333333,6,4.00
2025-03-12,5,3,16.12,4,5.67
2025-03-12,6,6,11.626666666666665,4,5.00
2025-03-12,7,7,13.43142857142857,3,5.00
2025-03-12,8,27,15.294074074074073,18,5.33
2025-03-12,9,12,12.152500000000002,17,13.33
2025-03-12,10,16,12.29625,17,15.33
2025-03-12,11,16,13.67625,13,18.33
2025-03-12,12,6,11.125,5,14.67
2025-03-12,13,1,11.28,5,12.67
2025-03-12,14,4,11.325000000000001,6,7.67
2025-03-12,15,5,24.398000000000003,5,3.67
2025-03-12,16,8,12.12,2,3.33
2025-03-12,17,3,4.473333333333334,5,5.67
2025-03-12,18,2,16.425,4,5.33
2025-03-12,19,1,25.02,8,4.33
2025-03-12,20,6,12.615,6,2.00
2025-03-12,21,6,14.028333333333334,2,3.00
2025-03-12,22,9,15.466666666666669,5,4.33
2025-03-12,23,12,15.261666666666665,7,7.00
2025-03-13,0,4,19.3525,5,9.00
2025-03-13,1,4,18.465,1,8.33
2025-03-13,2,7,11.552857142857144,5,6.67
2025-03-13,3,6,14.616666666666667,6,5.00
2025-03-13,4,4,12.765,6,5.67
2025-03-13,5,8,9.83875,3,5.67
2025-03-13,6,13,11.25076923076923,6,6.00
2025-03-13,7,6,11.575000000000001,7,8.33
2025-03-13,8,12,11.0875,27,9.00
2025-03-13,9,13,10.558461538461538,12,10.33
2025-03-13,10,7,10.868571428571428,16,10.33
2025-03-13,11,17,13.564705882352941,16,10.67
2025-03-13,12,6,17.023333333333333,6,12.33
2025-03-13,13,9,13.931111111111111,1,10.00
2025-03-13,14,8,13.325,4,10.67
2025-03-13,15,3,11.206666666666665,5,7.67
2025-03-13,16,5,10.690000000000001,8,6.67
2025-03-13,17,6,11.823333333333332,3,5.33
2025-03-13,18,3,10.193333333333333,2,4.67
2025-03-13,19,7,13.052857142857144,1,4.67
2025-03-13,20,4,8.195,6,5.33
2025-03-13,21,8,11.32375,6,4.67
2025-03-13,22,4,18.2675,9,6.33
2025-03-13,23,7,12.914285714285715,12,5.33
2025-03-14,0,3,25.55333333333333,4,6.33
2025-03-14,1,6,10.424999999999999,4,4.67
2025-03-14,2,5,11.66,7,5.33
2025-03-14,3,5,13.580000000000002,6,4.67
2025-03-14,4,13,10.225384615384616,4,5.33
2025-03-14,5,6,13.594999999999999,8,7.67
2025-03-14,6,6,14.985,13,8.00
2025-03-14,7,4,22.13,6,8.33
2025-03-14,8,9,6.325555555555556,12,5.33
2025-03-14,9,15,16.518,13,6.33
2025-03-14,10,10,13.184999999999999,7,9.33
2025-03-14,11,12,11.44,17,11.33
2025-03-14,12,7,13.935714285714285,6,12.33
2025-03-14,13,6,15.906666666666666,9,9.67
2025-03-14,14,3,14.743333333333332,8,8.33
2025-03-14,15,6,17.419999999999998,3,5.33
2025-03-14,16,5,12.126000000000001,5,5.00
2025-03-14,17,7,11.145714285714286,6,4.67
2025-03-14,18,4,15.725,3,6.00
2025-03-14,19,5,13.457999999999998,7,5.33
2025-03-14,20,5,20.452,4,5.33
2025-03-14,21,10,10.559999999999999,8,4.67
2025-03-14,22,3,6.023333333333333,4,6.67
2025-03-14,23,2,20.095,7,6.00
2025-03-15,0,2,14.309999999999999,3,5.00
2025-03-15,1,1,9.34,6,2.33
2025-03-15,2,6,10.193333333333333,5,1.67
2025-03-15,3,4,6.6850000000000005,5,3.00
2025-03-15,4,1,23.27,13,3.67
2025-03-15,5,2,5.65,6,3.67
2025-03-15,6,5,13.718,6,2.33
2025-03-15,7,1,8.42,4,2.67
2025-03-15,8,11,12.082727272727272,9,2.67
2025-03-15,9,7,12.644285714285715,15,5.67
2025-03-15,10,10,13.724,10,6.33
2025-03-15,11,5,15.075999999999999,12,9.33
2025-03-15,12,2,18.54,7,7.33
2025-03-15,13,2,16.78,6,5.67
2025-03-15,14,3,12.01,3,3.00
2025-03-15,15,4,16.762500000000003,6,2.33
2025-03-15,16,1,4.84,5,3.00
2025-03-15,17,5,6.456,7,2.67
2025-03-15,18,2,9.285,4,3.33
2025-03-15,19,6,13.978333333333333,5,2.67
2025-03-15,20,3,12.496666666666668,5,4.33
2025-03-15,21,1,12.61,10,3.67
2025-03-15,22,3,14.35,3,3.33
2025-03-15,23,1,14.32,2,2.33
2025-03-16,0,5,15.164000000000001,2,1.67
2025-03-16,1,3,13.463333333333333,1,3.00
2025-03-16,2,2,3.7249999999999996,6,3.00
2025-03-16,3,8,14.59125,4,3.33
2025-03-16,4,4,7.085,1,4.33
2025-03-16,5,3,6.953333333333333,2,4.67
2025-03-16,6,3,11.843333333333334,5,5.00
2025-03-16,7,4,17.2375,1,3.33
2025-03-16,8,8,13.38375,11,3.33
2025-03-16,9,8,11.8675,7,5.00
2025-03-16,10,6,19.54,10,6.67
2025-03-16,11,9,9.71888888888889,5,7.33
2025-03-16,12,3,23.84,2,7.67
2025-03-16,13,3,19.573333333333334,2,6.00
2025-03-16,14,3,14.366666666666667,3,5.00
2025-03-16,15,4,13.2125,4,3.00
2025-03-16,16,3,17.206666666666667,1,3.33
2025-03-16,17,1,22.94,5,3.33
2025-03-16,18,4,10.7025,2,2.67
2025-03-16,19,2,16.96,6,2.67
2025-03-16,20,5,11.902,3,2.33
2025-03-16,21,3,14.729999999999999,1,3.67
2025-03-16,23,2,11.1,3,3.33
2025-03-17,0,7,14.148571428571428,1,3.33
2025-03-17,1,3,14.433333333333332,5,4.00
2025-03-17,2,3,14.846666666666666,3,4.00
2025-03-17,3,2,31.425,2,4.33
2025-03-17,4,10,19.615000000000002,8,2.67
2025-03-17,5,5,15.13,4,5.00
2025-03-17,6,9,17.373333333333335,3,5.67
2025-03-17,7,7,10.991428571428571,3,8.00
2025-03-17,8,17,12.94764705882353,4,7.00
2025-03-17,9,21,11.319047619047618,8,11.00
2025-03-17,10,11,11.987272727272728,8,15.00
2025-03-17,11,17,14.995882352941177,6,16.33
2025-03-17,12,9,13.693333333333335,9,16.33
2025-03-17,13,1,29.23,3,12.33
2025-03-17,14,4,21.3525,3,9.00
2025-03-17,15,4,14.11,3,4.67
2025-03-17,16,9,14.74,4,3.00
2025-03-17,17,3,20.47,3,5.67
2025-03-17,18,7,13.12142857142857,1,5.33
2025-03-17,19,5,13.693999999999999,4,6.33
2025-03-17,20,7,9.242857142857144,2,5.00
2025-03-17,21,7,12.84,5,6.33
2025-03-17,22,2,3.99,3,6.33
2025-03-17,23,4,11.39,2,5.33
2025-03-18,0,4,10.6,7,4.33
2025-03-18,1,6,13.339999999999998,3,3.33
2025-03-18,2,7,17.701428571428572,3,4.67
2025-03-18,3,6,11.668333333333335,2,5.67
2025-03-18,4,7,12.48857142857143,10,6.33
2025-03-18,5,5,8.58,5,6.67
2025-03-18,6,7,9.78,9,6.00
2025-03-18,7,2,14.24,7,6.33
2025-03-18,8,12,11.7675,17,4.67
2025-03-18,9,23,16.687826086956523,21,7.00
2025-03-18,10,16,10.124375,11,12.33
2025-03-18,11,7,14.438571428571427,17,17.00
2025-03-18,12,7,15.34,9,15.33
2025-03-18,13,5,15.092000000000002,1,10.00
2025-03-18,14,4,7.9775,4,6.33
2025-03-18,15,7,16.454285714285714,4,5.33
2025-03-18,16,2,18.11,9,5.33
2025-03-18,17,5,10.714,3,4.33
2025-03-18,18,7,14.357142857142858,7,4.67
2025-03-18,19,5,13.134,5,4.67
2025-03-18,20,3,13.593333333333334,7,5.67
2025-03-18,21,5,16.038,7,5.00
2025-03-18,22,6,11.271666666666667,2,4.33
2025-03-18,23,2,16.585,4,4.67
2025-03-19,0,1,9.18,4,4.33
2025-03-19,1,4,8.4725,6,3.00
2025-03-19,2,5,10.075999999999999,7,2.33
2025-03-19,3,5,17.346,6,3.33
2025-03-19,4,7,12.125714285714285,7,4.67
2025-03-19,5,4,18.1,5,5.67
2025-03-19,6,7,14.674285714285714,7,5.33
2025-03-19,7,4,9.62,2,6.00
2025-03-19,8,26,12.826923076923077,12,5.00
2025-03-19,9,8,12.77375,23,12.33
2025-03-19,10,8,11.7,16,12.67
2025-03-19,11,12,11.935833333333333,7,14.00
2025-03-19,12,9,9.350000000000001,7,9.33
2025-03-19,13,2,11.335,5,9.67
2025-03-19,14,3,23.30333333333333,4,7.67
2025-03-19,15,4,12.07,7,4.67
2025-03-19,16,5,18.845999999999997,2,3.00
2025-03-19,17,5,7.316,5,4.00
2025-03-19,18,7,15.327142857142858,7,4.67
2025-03-19,19,6,9.711666666666666,5,5.67
2025-03-19,20,4,11.125,3,6.00
2025-03-19,21,2,9.53,5,5.67
2025-03-19,22,5,10.25,6,4.00
2025-03-19,23,6,19.669999999999998,2,3.67
2025-03-20,0,6,9.773333333333333,1,4.33
2025-03-20,1,4,12.0525,4,5.67
2025-03-20,2,7,20.24285714285714,5,5.33
2025-03-20,3,3,6.296666666666667,5,5.67
2025-03-20,4,5,7.359999999999999,7,4.67
2025-03-20,5,6,12.455,4,5.00
2025-03-20,6,4,16.2725,7,4.67
2025-03-20,7,7,16.16,4,5.00
2025-03-20,8,19,14.57578947368421,26,5.67
2025-03-20,9,11,18.366363636363637,8,10.00
2025-03-20,10,19,13.648421052631578,8,12.33
2025-03-20,11,14,11.816428571428572,12,16.33
2025-03-20,12,5,9.076,9,14.67
2025-03-20,13,3,4.9799999999999995,2,12.67
2025-03-20,14,9,9.714444444444446,3,7.33
2025-03-20,15,1,6.03,4,5.67
2025-03-20,16,5,10.93,5,4.33
2025-03-20,17,4,10.91,5,5.00
2025-03-20,18,5,13.476000000000003,7,3.33
2025-03-20,19,4,15.51,6,4.67
2025-03-20,20,5,14.056000000000001,4,4.33
2025-03-20,21,5,18.201999999999998,2,4.67
2025-03-20,22,8,17.0575,5,4.67
2025-03-20,23,4,12.995000000000001,6,6.00
2025-03-21,0,5,14.101999999999999,6,5.67
2025-03-21,1,8,10.491249999999999,4,5.67
2025-03-21,2,1,9.37,7,5.67
2025-03-21,3,4,16.935,3,4.67
2025-03-21,4,6,9.616666666666667,5,4.33
2025-03-21,5,7,9.867142857142857,6,3.67
2025-03-21,6,6,10.465,4,5.67
2025-03-21,7,9,12.302222222222222,7,6.33
2025-03-21,8,19,10.923684210526316,19,7.33
2025-03-21,9,23,13.92304347826087,11,11.33
2025-03-21,10,22,11.251818181818182,19,17.00
2025-03-21,11,15,10.477333333333332,14,21.33
2025-03-21,12,5,13.825999999999999,5,20.00
2025-03-21,13,5,18.381999999999998,3,14.00
2025-03-21,14,5,12.913999999999998,9,8.33
2025-03-21,15,8,14.92,1,5.00
2025-03-21,16,3,12.459999999999999,5,6.00
2025-03-21,17,6,5.555,4,5.33
2025-03-21,18,4,9.879999999999999,5,5.67
2025-03-21,19,5,12.801999999999998,4,4.33
2025-03-21,20,7,12.694285714285714,5,5.00
2025-03-21,21,5,10.592,5,5.33
2025-03-21,23,4,11.5275,8,5.67
2025-03-22,0,3,10.99,4,5.33
2025-03-22,1,1,25.02,5,4.00
2025-03-22,2,2,8.56,8,2.67
2025-03-22,3,4,19.015,1,2.00
2025-03-22,4,8,12.105,4,2.33
2025-03-22,6,5,17.857999999999997,6,4.67
2025-03-22,7,1,12.86,7,5.67
2025-03-22,8,7,9.45142857142857,6,4.67
2025-03-22,9,8,9.675,9,4.33
2025-03-22,10,3,8.1,19,5.33
2025-03-22,11,5,18.636000000000003,23,6.00
2025-03-22,12,2,9.475,22,5.33
2025-03-22,13,6,13.843333333333334,15,3.33
2025-03-22,16,1,11.76,5,4.33
2025-03-22,17,3,11.37,5,3.00
2025-03-22,18,2,18.64,5,3.33
2025-03-22,19,3,8.066666666666666,8,2.00
2025-03-22,20,3,18.856666666666666,3,2.67
2025-03-22,21,2,18.1,6,2.67
2025-03-22,22,1,8.83,4,2.67
2025-03-22,23,1,26.79,5,2.00
2025-03-23,0,1,22.45,7,1.33
2025-03-23,1,5,5.962,5,1.00
2025-03-23,2,3,12.263333333333334,4,2.33
2025-03-23,3,4,7.7225,3,3.00
2025-03-23,4,5,15.596,1,4.00
2025-03-23,5,3,12.596666666666666,2,4.00
2025-03-23,6,5,10.098,4,4.00
2025-03-23,7,4,12.6675,8,4.33
2025-03-23,8,3,17.273333333333337,5,4.00
2025-03-23,9,7,15.718571428571428,1,4.00
2025-03-23,10,11,15.653636363636364,7,4.67
2025-03-23,11,11,16.675454545454546,8,7.00
2025-03-23,12,3,7.663333333333334,3,9.67
2025-03-23,14,2,7.33,5,8.33
2025-03-23,15,6,12.723333333333334,2,5.33
2025-03-23,16,7,18.677142857142858,6,3.67
2025-03-23,17,1,3.72,1,5.00
2025-03-23,18,2,15.395,3,4.67
2025-03-23,19,2,5.945,2,3.33
2025-03-23,20,1,13.71,3,1.67
2025-03-23,21,2,18.65,3,1.67
2025-03-23,22,2,9.36,2,1.67
2025-03-23,23,2,11.440000000000001,1,1.67
2025-03-24,0,4,13.945,1,2.00
2025-03-24,1,8,11.7225,1,2.67
2025-03-24,2,3,16.353333333333335,5,4.67
2025-03-24,3,5,15.016,3,5.00
2025-03-24,4,4,17.072499999999998,4,5.33
2025-03-24,5,8,12.2275,5,4.00
2025-03-24,6,7,7.864285714285714,3,5.67
2025-03-24,7,7,9.748571428571427,5,6.33
2025-03-24,8,13,11.708461538461538,4,7.33
2025-03-24,9,11,11.561818181818182,3,9.00
2025-03-24,10,18,11.705555555555556,7,10.33
2025-03-24,11,15,11.368666666666666,11,14.00
2025-03-24,12,10,13.373,11,14.67
2025-03-24,13,6,11.886666666666665,3,14.33
2025-03-24,14,5,13.553999999999998,2,10.33
2025-03-24,15,2,9.56,6,7.00
2025-03-24,16,5,11.614,7,4.33
2025-03-24,17,9,13.128888888888888,1,4.00
2025-03-24,18,7,9.638571428571428,2,5.33
2025-03-24,19,5,16.298000000000002,2,7.00
2025-03-24,20,3,19.55,1,7.00
2025-03-24,21,7,11.234285714285715,2,5.00
2025-03-24,22,8,14.7675,2,5.00
2025-03-24,23,5,12.808000000000002,2,6.00
2025-03-25,0,9,14.513333333333334,4,6.67
2025-03-25,1,6,16.096666666666668,8,7.33
2025-03-25,2,3,5.986666666666667,3,6.67
2025-03-25,3,4,14.3575,5,6.00
2025-03-25,4,6,12.548333333333334,4,4.33
2025-03-25,5,5,7.808,8,4.33
2025-03-25,6,6,13.975,7,5.00
2025-03-25,7,9,7.515555555555555,7,5.67
2025-03-25,8,17,13.099411764705883,13,6.67
2025-03-25,9,16,14.4625,11,10.67
2025-03-25,10,12,13.37,18,14.00
2025-03-25,11,15,14.463333333333333,15,15.00
2025-03-25,12,2,15.475,10,14.33
2025-03-25,13,9,10.987777777777778,6,9.67
2025-03-25,14,5,17.55,5,8.67
2025-03-25,15,5,10.437999999999999,2,5.33
2025-03-25,16,5,15.85,5,6.33
2025-03-25,17,4,21.2525,9,5.00
2025-03-25,18,4,9.77,7,4.67
2025-03-25,19,6,14.243333333333334,5,4.33
2025-03-25,20,8,10.37125,3,4.67
2025-03-25,21,5,12.76,7,6.00
2025-03-25,22,3,12.17,8,6.33
2025-03-25,23,7,8.428571428571429,5,5.33
2025-03-26,0,5,9.932,9,5.00
2025-03-26,1,8,15.39375,6,5.00
2025-03-26,2,2,10.055,3,6.67
2025-03-26,3,7,11.961428571428572,4,5.00
2025-03-26,4,4,11.335,6,5.67
2025-03-26,5,3,19.12,5,4.33
2025-03-26,6,4,12.5425,6,4.67
2025-03-26,7,4,6.5625,9,3.67
2025-03-26,8,8,13.16875,17,3.67
2025-03-26,9,19,12.339473684210526,16,5.33
2025-03-26,10,12,12.118333333333332,12,10.33
2025-03-26,11,7,14.81,15,13.00
2025-03-26,12,9,12.979999999999999,2,12.67
2025-03-26,13,6,17.21,9,9.33
2025-03-26,14,4,10.89,5,7.33
2025-03-26,15,5,11.48,5,6.33
2025-03-26,16,3,17.863333333333333,5,5.00
2025-03-26,17,8,16.68625,4,4.00
2025-03-26,18,10,13.274000000000001,4,5.33
2025-03-26,19,4,9.99,6,7.00
2025-03-26,20,8,23.3225,8,7.33
2025-03-26,21,1,31.36,5,7.33
2025-03-26,22,2,18.175,3,4.33
2025-03-26,23,4,11.4475,7,3.67
2025-03-27,0,3,20.683333333333334,5,2.33
2025-03-27,1,5,10.645999999999999,8,3.00
2025-03-27,2,2,17.189999999999998,2,4.00
2025-03-27,3,3,16.913333333333334,7,3.33
2025-03-27,4,7,16.802857142857142,4,3.33
2025-03-27,5,4,12.184999999999999,3,4.00
2025-03-27,6,2,12.205,4,4.67
2025-03-27,7,6,11.876666666666667,4,4.33
2025-03-27,8,8,11.2775,8,4.00
2025-03-27,9,15,10.542,19,5.33
2025-03-27,10,21,17.43904761904762,12,9.67
2025-03-27,11,13,13.923846153846153,7,14.67
2025-03-27,12,7,14.555714285714284,9,16.33
2025-03-27,13,5,17.324,6,13.67
2025-03-27,14,2,17.625,4,8.33
2025-03-27,15,1,11.46,5,4.67
2025-03-27,16,8,15.16,3,2.67
2025-03-27,17,4,18.0175,8,3.67
2025-03-27,18,5,10.726,10,4.33
2025-03-27,19,1,7.04,4,5.67
2025-03-27,20,6,12.996666666666664,8,3.33
2025-03-27,21,3,13.229999999999999,1,4.00
2025-03-27,22,7,19.854285714285712,2,3.33
2025-03-27,23,3,15.126666666666667,4,5.33
2025-03-28,0,7,16.05142857142857,3,4.33
2025-03-28,1,7,11.950000000000001,5,5.67
2025-03-28,2,3,15.969999999999999,2,5.67
2025-03-28,3,7,17.96,3,5.67
2025-03-28,4,2,6.625,7,5.67
2025-03-28,5,5,10.928,4,4.00
2025-03-28,6,6,19.416666666666668,2,4.67
2025-03-28,7,2,15.795000000000002,6,4.33
2025-03-28,8,16,14.945,8,4.33
2025-03-28,9,6,17.041666666666668,15,8.00
2025-03-28,10,17,13.699411764705882,21,8.00
2025-03-28,11,15,13.812000000000001,13,13.00
2025-03-28,12,6,8.38,7,12.67
2025-03-28,13,7,8.254285714285714,5,12.67
2025-03-28,14,4,17.91,2,9.33
2025-03-28,15,7,14.131428571428572,1,5.67
2025-03-28,16,4,18.1375,8,6.00
2025-03-28,17,2,8.265,4,5.00
2025-03-28,18,2,14.135,5,4.33
2025-03-28,19,2,6.57,1,2.67
2025-03-28,20,5,13.331999999999999,6,2.00
2025-03-28,21,3,15.053333333333335,3,3.00
2025-03-28,22,9,13.77,7,3.33
2025-03-28,23,2,22.939999999999998,3,5.67
2025-03-29,0,3,23.863333333333333,7,4.67
2025-03-29,1,1,3.18,7,4.67
2025-03-29,2,3,4.593333333333333,3,2.00
2025-03-29,3,3,8.166666666666666,7,2.33
2025-03-29,4,4,18.2925,2,2.33
2025-03-29,5,5,14.069999999999999,5,3.33
2025-03-29,6,3,22.813333333333333,6,4.00
2025-03-29,7,4,9.3475,2,4.00
2025-03-29,8,7,13.997142857142856,16,4.00
2025-03-29,9,13,16.06,6,4.67
2025-03-29,10,9,18.29888888888889,17,8.00
2025-03-29,11,8,11.68,15,9.67
2025-03-29,12,3,14.99,6,10.00
2025-03-29,13,4,12.645,7,6.67
2025-03-29,14,2,13.58,4,5.00
2025-03-29,15,2,7.515000000000001,7,3.00
2025-03-29,16,2,18.86,4,2.67
2025-03-29,17,5,11.602,2,2.00
2025-03-29,18,3,21.49666666666667,2,3.00
2025-03-29,19,2,17.7,2,3.33
2025-03-29,20,3,5.72,5,3.33
2025-03-29,21,1,6,3,2.67
2025-03-29,22,3,19.033333333333335,9,2.00
2025-03-29,23,9,12.41,2,2.33
2025-03-30,0,3,14.783333333333333,3,4.33
2025-03-30,1,2,9.165,1,5.00
2025-03-30,2,3,13.376666666666667,3,4.67
2025-03-30,3,2,12.05,3,2.67
2025-03-30,4,4,12.655,4,2.33
2025-03-30,5,3,14.946666666666667,5,3.00
2025-03-30,7,2,10.715,3,3.00
2025-03-30,8,3,12.86,4,3.00
2025-03-30,9,12,11.104166666666666,7,2.67
2025-03-30,10,7,9.301428571428572,13,5.67
2025-03-30,11,6,15.918333333333335,9,7.33
2025-03-30,12,2,8.375,8,8.33
2025-03-30,13,7,16.298571428571428,3,5.00
2025-03-30,14,4,14.065000000000001,4,5.00
2025-03-30,15,4,17.53,2,4.33
2025-03-30,16,3,16.33,2,5.00
2025-03-30,17,5,9.096,2,3.67
2025-03-30,18,3,14.046666666666667,5,4.00
2025-03-30,19,3,12.703333333333333,3,3.67
2025-03-30,20,4,9.78,2,3.67
2025-03-30,21,4,14.11,3,3.33
2025-03-30,22,3,14.266666666666666,1,3.67
2025-03-30,23,1,8.07,3,3.67
2025-03-31,0,3,9.58,9,2.67
2025-03-31,1,7,6.1571428571428575,3,2.33
2025-03-31,2,3,21.776666666666667,2,3.67
2025-03-31,3,9,13.91777777777778,3,4.33
2025-03-31,4,8,11.51875,2,6.33
2025-03-31,5,5,15.102,4,6.67
2025-03-31,6,4,16.68,3,7.33
2025-03-31,7,5,11.634,2,5.67
2025-03-31,8,15,13.756,3,4.67
2025-03-31,9,13,14.018461538461539,12,8.00
2025-03-31,10,19,14.893684210526317,7,11.00
2025-03-31,11,20,12.296000000000001,6,15.67
2025-03-31,12,7,19.639999999999997,2,17.33
2025-03-31,13,7,13.035714285714286,7,15.33
2025-03-31,14,5,17.497999999999998,4,11.33
2025-03-31,15,6,5.891666666666667,4,6.33
2025-03-31,16,5,14.416,3,6.00
2025-03-31,17,5,13.322,5,5.33
2025-03-31,18,6,8.12,3,5.33
2025-03-31,19,7,8.094285714285714,3,5.33
2025-03-31,20,5,12.358,4,6.00
2025-03-31,21,5,8.234,4,6.00
2025-03-31,22,3,13.82,3,5.67
2025-03-31,23,5,13.707999999999998,1,4.33
